Calendar Year,County,Number of Retail Locations,Non-Ethanol Gasoline Sales (in gallons),Ethanol Gasoline Sales (in gallons),Clear and Dyed Diesel Sales (in gallons),Clear and Dyed Biodiesel Sales (in gallons),Pure Biodiesel Sales (in gallons),Biofuel Distribution Percentage
2012,Adair,12.0,1557206,6642836,4078004,691006.0,0.0,9.12
2012,Allamakee,15.0,1479566,6239864,2077975,50642.0,0.0,8.12
2012,Appanoose,15.0,833572,4780801,1089620,466752.0,0.0,8.93
2012,Audubon,8.0,346217,2232881,777764,859692.0,0.0,10.37
2012,Benton,26.0,2669341,7896317,5596755,1581181.0,0.0,8.26
2012,Black Hawk,69.0,10151267,49686355,8471327,17694145.0,0.0,10.74
2012,Boone,13.0,1266317,8606144,1793978,300962.0,0.0,8.89
2012,Bremer,15.0,2072919,9323327,2723748,78303.0,0.0,8.21
2012,Buchanan,17.0,1472987,7624165,1895849,1318177.0,0.0,8.67
2012,Buena Vista,27.0,1268469,8740143,5878092,239039.0,0.0,9.24
2012,Butler,15.0,981776,5523329,1244062,1388564.0,0.0,9.39
2012,Calhoun,19.0,549472,3877823,1403975,0.0,0.0,8.85
2012,Carroll,26.0,2294422,7502374,8033765,10472.0,0.0,8.34
2012,Cass,16.0,965237,6884581,1893878,408929.0,0.0,9.4
2012,Cedar,20.0,1692805,8451964,3786368,12823092.0,0.0,10.63
2012,Cerro Gordo,30.0,5681692,25977015,1729405,17887978.0,0.0,14.2
2012,Cherokee,14.0,933621,4002457,1638504,424457.0,0.0,8.9
2012,Chickasaw,13.0,1267598,5606321,2622316,1753935.0,0.0,10.06
2012,Clarke,9.0,1572169,5984991,1912738,8667042.0,0.0,18.13
2012,Clay,27.0,1089858,7207551,2452962,687184.0,0.0,10.71
2012,Clayton,25.0,2037360,7680689,1579823,357371.0,0.0,8.26
2012,Clinton,32.0,2996135,24010504,10200082,77856.0,0.0,9.1
2012,Crawford,15.0,1549150,5408633,4486506,1065.0,0.0,8.61
2012,Dallas,38.0,6534785,32132701,5395258,3231092.0,0.0,9.13
2012,Davis,5.0,308569,1728120,562705,0.0,0.0,8.48
2012,Decatur,6.0,759189,2466651,334745,171968.0,0.0,9.36
2012,Delaware,15.0,1538054,7092971,2238391,1225101.0,0.0,9.34
2012,Des Moines,21.0,3215899,12679951,1332314,374808.0,0.0,8.09
2012,Dickinson,25.0,3234543,6750477,1742488,244036.0,0.0,7.67
2012,Dubuque,70.0,15531979,36254336,7427252,4139469.0,0.0,7.74
2012,Emmet,12.0,704860,4055984,1136881,1127937.0,0.0,10.4
2012,Fayette,22.0,1208883,7446643,16784033,86558.0,0.0,9.74
2012,Floyd,16.0,1646468,6095976,4773186,209650.0,0.0,9.14
2012,Franklin,16.0,537699,4518010,4013627,377288.0,0.0,9.83
2012,Fremont,9.0,891149,3401612,2327073,144288.0,0.0,8.67
2012,Greene,11.0,382937,3348322,1367208,0.0,0.0,8.97
2012,Grundy,15.0,1133621,5964334,5118353,2212784.0,0.0,9.74
2012,Guthrie,14.0,604341,4022198,1196253,0.0,0.0,9.15
2012,Hamilton,20.0,1427208,6723465,4283346,3100020.0,0.0,10.38
2012,Hancock,12.0,644841,2981122,3081546,29606.0,0.0,8.81
2012,Hardin,25.0,1468873,8230164,5608991,56928.0,0.0,8.51
2012,Harrison,19.0,1645477,5821607,3368393,218297.0,0.0,8.08
2012,Henry,19.0,1092549,6002810,1004261,122595.0,0.0,10.01
2012,Howard,11.0,795343,3873388,2232796,521192.0,0.0,9.09
2012,Humboldt,14.0,655841,3534046,3162501,93418.0,0.0,9.42
2012,Ida,12.0,562577,2772357,1639017,184877.0,0.0,10.16
2012,Iowa,18.0,2072473,7620685,2407957,657696.0,0.0,8.72
2012,Jackson,21.0,1312341,6348707,4011483,28434.0,0.0,8.29
2012,Jasper,31.0,2835227,15821048,10659964,5629675.0,0.0,10.28
2012,Jefferson,16.0,1414695,4640041,1825906,1135771.0,0.0,9.7
2012,Johnson,58.0,10298519,37749378,4255971,5412388.0,0.0,9.0
2012,Jones,15.0,1421013,6798840,2957325,0.0,0.0,8.25
2012,Keokuk,12.0,682455,3902198,1032105,1725764.0,0.0,11.1
2012,Kossuth,19.0,1270029,7269037,9887029,449781.0,0.0,9.34
2012,Lee,22.0,3706491,12648734,4356936,117750.0,0.0,7.84
2012,Linn,94.0,15088079,77556050,10280258,3474734.0,0.0,9.22
2012,Louisa,9.0,545334,3722812,1043704,728969.0,0.0,9.75
2012,Lucas,9.0,607300,2680240,225795,2261069.0,0.0,10.35
2012,Lyon,14.0,1463794,5120440,2796418,21887.0,0.0,8.35
2012,Madison,12.0,1312982,7006617,6490062,1625706.0,0.0,9.84
2012,Mahaska,17.0,1048350,9175895,3230774,2682976.0,0.0,11.07
2012,Marion,28.0,1627390,12489086,1944501,201063.0,0.0,9.18
2012,Marshall,26.0,3017930,11734314,3129217,1241.0,0.0,7.93
2012,Mills,10.0,1325756,4467163,1557310,159446.0,0.0,7.92
2012,Mitchell,12.0,916146,3354310,689483,0.0,0.0,8.12
2012,Monona,13.0,1415499,4833112,4166855,1013991.0,0.0,9.54
2012,Monroe,7.0,454021,3039040,123427,0.0,0.0,8.7
2012,Montgomery,9.0,706686,2763640,947371,0.0,0.0,8.16
2012,Muscatine,23.0,2361789,13504308,3294952,128316.0,0.0,8.69
2012,OBrien,23.0,1594052,5888274,4205427,286830.0,0.0,8.72
2012,Osceola,10.0,405917,2045239,2669896,20324.0,0.0,8.73
2012,Page,10.0,979351,4901000,725455,464481.0,0.0,8.89
2012,Palo Alto,16.0,683998,4006874,4081513,0.0,0.0,9.44
2012,Plymouth,18.0,3501862,9565952,13129847,1290553.0,0.0,8.16
2012,Pocahontas,8.0,456479,2666905,5374847,299837.0,0.0,8.96
2012,Polk,183.0,40079583,173243607,29642234,57297506.0,0.0,11.67
2012,Pottawattamie,53.0,10621562,35671029,8570147,25960835.0,0.0,11.78
2012,Poweshiek,20.0,3359865,10744859,11399116,12097099.0,0.0,17.45
2012,Ringgold,6.0,231539,1273918,2084618,0.0,0.0,8.46
2012,Sac,18.0,974303,4486690,2315537,4506.0,0.0,8.22
2012,Scott,96.0,12999272,98638931,5462876,48654908.0,0.0,14.5
2012,Shelby,14.0,1092917,3503746,4431169,1255589.0,0.0,9.69
2012,Sioux,33.0,3654857,9715339,9665805,4893488.0,0.0,11.15
2012,Story,45.0,7279851,32795953,2416770,2151442.0,0.0,8.96
2012,Tama,19.0,1247825,5672438,3879700,22351.0,0.0,8.36
2012,Taylor,7.0,383788,1991594,1333320,0.0,0.0,9.17
2012,Union,13.0,798652,4929075,1200698,0.0,0.0,8.61
2012,Van Buren,9.0,480380,2149270,722050,76885.0,0.0,8.37
2012,Wapello,26.0,5992013,23701538,7694074,3719248.0,0.0,8.98
2012,Warren,28.0,2896628,20157670,1140767,1278944.0,0.0,9.49
2012,Washington,23.0,2499966,10278566,4056953,9747556.0,0.0,14.25
2012,Wayne,9.0,395895,1966067,138655,596435.0,0.0,8.98
2012,Webster,36.0,2061402,15814277,3497435,100661.0,0.0,9.26
2012,Winnebago,18.0,1045676,4286587,2302093,17350.0,0.0,8.51
2012,Winneshiek,19.0,1810048,7993616,5111052,233805.0,0.0,8.28
2012,Woodbury,61.0,11565782,36811550,7736870,1840817.0,0.0,8.26
2012,Worth,9.0,1402286,3938226,684761,259865.0,0.0,8.0
2012,Wright,23.0,1137896,4829875,2975180,165688.0,0.0,7.57
2013,Adair,12.0,1591221,6893421,4153996,429577.0,0.0,9.85
2013,Allamakee,19.0,1532728,6239247,1829744,639669.0,0.0,11.64
2013,Appanoose,15.0,748360,4617147,1386849,401997.0,0.0,8.44
2013,Audubon,8.0,295098,2211311,1086490,1169712.0,0.0,9.01
2013,Benton,22.0,2612191,8888471,3620650,1401110.0,0.0,11.15
2013,Black Hawk,68.0,9951778,46035760,7339163,17481975.0,0.0,8.5
2013,Boone,14.0,1270992,8692158,2588025,383616.0,0.0,11.1
2013,Bremer,14.0,2200692,9229073,2768021,44154.0,0.0,9.01
2013,Buchanan,18.0,1553953,6846580,1762984,1290416.0,0.0,8.09
2013,Buena Vista,22.0,1090070,8321688,5262762,0.0,0.0,8.5
2013,Butler,12.0,996515,5132022,959080,1224802.0,0.0,9.26
2013,Calhoun,11.0,689001,4737016,2684438,0.0,0.0,11.76
2013,Carroll,24.0,1962491,7573010,8642857,85448.0,0.0,8.73
2013,Cass,18.0,1130883,7693066,4032158,116206.0,0.0,9.05
2013,Cedar,19.0,1611468,7925744,4486620,13071750.0,0.0,9.38
2013,Cerro Gordo,31.0,5444824,24829867,3246410,16654758.0,0.0,21.1
2013,Cherokee,14.0,923533,4244669,2526267,300965.0,0.0,14.05
2013,Chickasaw,12.0,1444738,5717920,4392432,1906479.0,0.0,9.32
2013,Clarke,7.0,1372638,5476120,1466380,8878211.0,0.0,10.32
2013,Clay,25.0,1090044,6876522,2509267,457427.0,0.0,20.22
2013,Clayton,22.0,1947281,7165441,1580535,284528.0,0.0,10.69
2013,Clinton,28.0,3098435,19905060,9028227,121735.0,0.0,8.17
2013,Crawford,15.0,1397619,5732766,4783589,36650.0,0.0,8.88
2013,Dallas,36.0,6218779,31641888,5120648,3685230.0,0.0,9.44
2013,Davis,5.0,388554,2030162,446424,0.0,0.0,9.63
2013,Decatur,5.0,824474,2255201,264056,156326.0,0.0,8.39
2013,Delaware,13.0,1069016,5606423,2229581,0.0,0.0,9.0
2013,Des Moines,27.0,3123038,13486045,1801868,38701.0,0.0,8.97
2013,Dickinson,28.0,2479063,7471699,2695875,223406.0,0.0,8.13
2013,Dubuque,55.0,10670984,30532182,8890282,2087830.0,0.0,8.47
2013,Emmet,10.0,619157,3583411,1181012,1141382.0,0.0,8.07
2013,Fayette,18.0,1040802,6312854,17071507,80642.0,0.0,10.77
2013,Floyd,17.0,1755468,5663596,4346364,242344.0,0.0,9.34
2013,Franklin,15.0,850901,5005663,4262010,777870.0,0.0,8.42
2013,Fremont,8.0,707702,4072297,1176000,9675061.0,0.0,9.87
2013,Greene,10.0,456257,3685357,1211214,89798.0,0.0,27.85
2013,Grundy,15.0,1135417,5621804,5533353,2022588.0,0.0,9.09
2013,Guthrie,11.0,723973,4750699,1188591,8340494.0,0.0,8.63
2013,Hamilton,18.0,1376490,6679232,3343880,3192385.0,0.0,16.95
2013,Hancock,12.0,733096,3515035,3853556,69442.0,0.0,11.78
2013,Hardin,20.0,1184149,7255440,5151734,334245.0,0.0,8.8
2013,Harrison,18.0,1351097,5853375,3520710,103749.0,0.0,8.82
2013,Henry,16.0,1721823,9037938,739264,217466.0,0.0,8.71
2013,Howard,13.0,837042,4665182,3709886,798601.0,0.0,8.64
2013,Humboldt,15.0,783752,4115397,3577708,24328.0,0.0,10.96
2013,Ida,12.0,604480,2817645,2042675,914880.0,0.0,8.41
2013,Iowa,16.0,1884893,6333893,4174091,625737.0,0.0,10.12
2013,Jackson,20.0,1279470,6760832,3256456,50417.0,0.0,8.53
2013,Jasper,29.0,2943408,16114198,3351715,15376591.0,0.0,8.54
2013,Jefferson,15.0,1211705,4220567,1663459,1161752.0,0.0,15.42
2013,Johnson,57.0,9052021,38848448,4947062,5568950.0,0.0,10.85
2013,Jones,11.0,1170119,6368638,2264405,1122.0,0.0,9.77
2013,Keokuk,12.0,748499,4293549,1413410,1385519.0,0.0,8.45
2013,Kossuth,19.0,1473893,7766008,11980132,6167125.0,0.0,11.44
2013,Lee,26.0,3088426,14714657,4940697,509512.0,0.0,12.63
2013,Linn,89.0,16095788,78522584,10154292,5074184.0,0.0,8.45
2013,Louisa,8.0,562226,3757957,663898,241268.0,0.0,9.56
2013,Lucas,10.0,698273,3072648,223647,2102922.0,0.0,9.6
2013,Lyon,13.0,1255451,4670415,2987109,46407.0,0.0,11.27
2013,Madison,11.0,1350772,7058276,6628224,1343939.0,0.0,8.57
2013,Mahaska,16.0,1103673,9214026,3016397,2964623.0,0.0,10.2
2013,Marion,23.0,1609269,12729095,3026030,251475.0,0.0,11.38
2013,Marshall,26.0,2691363,11748586,1565311,1094911.0,0.0,9.26
2013,Mills,10.0,1099372,4215277,2052354,675495.0,0.0,8.52
2013,Mitchell,12.0,915362,3473534,352132,167809.0,0.0,8.57
2013,Monona,10.0,1275044,4157208,3283129,1281363.0,0.0,9.21
2013,Monroe,6.0,427688,3015190,121000,0.0,0.0,11.32
2013,Montgomery,12.0,878628,3796289,1512959,0.0,0.0,8.76
2013,Muscatine,20.0,2108242,13635990,2718418,357949.0,0.0,9.56
2013,OBrien,23.0,1520830,5928896,3023218,185973.0,0.0,10.06
2013,Osceola,7.0,434403,2041939,2489462,44721.0,0.0,8.87
2013,Other,9.0,823587,5363183,681903,478158.0,0.0,12.806823899371068
2013,Page,13.0,799763,3612569,2592547,174107.0,0.0,9.21
2013,Palo Alto,21.0,2892389,8201595,4943780,63713.0,0.0,9.35
2013,Plymouth,9.0,461218,2749985,5693164,71887.0,0.0,9.12
2013,Pocahontas,188.0,42447471,166859941,17734427,65078180.0,0.0,7.84
2013,Polk,66.0,13436163,51966980,9199439,29032160.0,0.0,8.78
2013,Pottawattamie,19.0,3481194,10488431,8594429,14734577.0,0.0,11.1
2013,Poweshiek,5.0,191769,1132064,1610049,66990.0,0.0,12.41
2013,Ringgold,16.0,918130,4595729,2353069,0.0,0.0,18.36
2013,Sac,86.0,8551677,89366399,6344185,54340336.0,0.0,8.82
2013,Scott,12.0,950512,3581209,3370857,1049711.0,0.0,8.33
2013,Shelby,32.0,3981209,9648588,9520967,830465.0,0.0,15.7
2013,Sioux,45.0,7148134,31708015,3108582,2695208.0,0.0,9.74
2013,Story,17.0,1252524,5563047,3918235,34698.0,0.0,7.82
2013,Tama,12.0,815784,4810256,1125040,252071.0,0.0,9.36
2013,Union,10.0,462619,2326540,782235,110677.0,0.0,9.06
2013,Van Buren,29.0,3020441,14290037,1431993,3541713.0,0.0,8.97
2013,Wapello,25.0,2811529,19740011,1106573,1220821.0,0.0,8.54
2013,Warren,24.0,2280378,10359864,4425026,8591169.0,0.0,10.37
2013,Washington,7.0,332919,1924253,79602,720010.0,0.0,9.66
2013,Wayne,28.0,2331310,16085328,3555439,123917.0,0.0,14.57
2013,Webster,17.0,868633,4512454,2350080,47870.0,0.0,10.12
2013,Winnebago,18.0,1888095,7962446,5481466,9808.0,0.0,9.16
2013,Winneshiek,62.0,10877551,37679386,7677269,16770573.0,0.0,9.02
2013,Woodbury,8.0,1465477,3633011,537016,318276.0,0.0,8.09
2013,Worth,21.0,1149709,4831891,2893757,169966.0,0.0,11.09
2013,Wright,8.0,469897,2768832,755776,0.0,0.0,7.48
2014,Adair,11.0,1498410,7153133,1321561,432515.0,0.0,10.24
2014,Allamakee,16.0,1322461,6096143,1007143,581356.0,0.0,8.68
2014,Appanoose,14.0,389801,4504969,1471576,396831.0,0.0,9.79
2014,Audubon,7.0,211272,2251831,1804137,477334.0,0.0,10.15
2014,Benton,17.0,1096102,7993274,2399618,125858.0,0.0,9.0
2014,Black Hawk,62.0,9074884,46272539,6649975,17284847.0,0.0,11.84
2014,Boone,14.0,1193860,9107604,1900618,333389.0,0.0,9.07
2014,Bremer,13.0,2262557,9093542,2283837,38062.0,0.0,7.02
2014,Buchanan,18.0,1368303,7718064,2414267,172974.0,0.0,8.59
2014,Buena Vista,26.0,1179545,10265077,6308029,0.0,0.0,9.73
2014,Butler,13.0,749377,4405617,486123,1169292.0,0.0,9.12
2014,Calhoun,15.0,384323,3969251,2535128,0.0,0.0,9.79
2014,Carroll,29.0,1764296,9192933,9614854,328098.0,0.0,9.41
2014,Cass,17.0,913270,7872401,4423588,209332.0,0.0,9.52
2014,Cedar,18.0,1528116,8791090,4362994,12898052.0,0.0,20.13
2014,Cerro Gordo,28.0,4347752,22000207,1808321,16496314.0,0.0,15.68
2014,Cherokee,14.0,655089,4490381,2316384,352231.0,0.0,9.96
2014,Chickasaw,12.0,1331510,5668456,3056476,2088216.0,0.0,11.14
2014,Clarke,9.0,1108077,5968259,1062938,8384848.0,0.0,20.7
2014,Clay,23.0,1263809,6318132,4404199,63526.0,0.0,9.38
2014,Clayton,24.0,1447824,7777262,1630326,260101.0,0.0,8.65
2014,Clinton,30.0,2318379,20213142,8300150,713020.0,0.0,9.67
2014,Crawford,15.0,1359812,6862022,6583810,15848.0,0.0,9.55
2014,Dallas,31.0,5953085,32110286,3990590,3701973.0,0.0,9.6
2014,Decatur,7.0,652485,2774250,807698,173042.0,0.0,9.77
2014,Delaware,15.0,923804,7284529,2291045,1073247.0,0.0,10.08
2014,Des Moines,20.0,3122262,13370454,1921214,0.0,0.0,7.99
2014,Dickinson,24.0,2236414,7790336,2352997,73936.0,0.0,8.55
2014,Dubuque,66.0,15161915,83300705,13574401,20460061.0,0.0,9.78
2014,Emmet,9.0,540794,3833687,1192329,1153940.0,0.0,10.88
2014,Fayette,20.0,1534546,7215758,17445237,79941.0,0.0,8.74
2014,Floyd,15.0,1258966,5865627,3948103,210968.0,0.0,9.0
2014,Franklin,14.0,601746,5164500,2741387,1316656.0,0.0,10.59
2014,Fremont,9.0,1538424,6407869,5598653,10905457.0,0.0,23.97
2014,Greene,11.0,516582,3794825,1410312,76196.0,0.0,9.49
2014,Grundy,12.0,722462,5755981,3610481,2077390.0,0.0,10.72
2014,Guthrie,11.0,409181,4562162,1058652,8723861.0,0.0,23.99
2014,Hamilton,8.0,880191,5065447,502665,3017805.0,0.0,12.67
2014,Hancock,11.0,636572,3391038,4008132,51677.0,0.0,9.4
2014,Hardin,19.0,906990,6758064,1875581,755987.0,0.0,9.33
2014,Harrison,17.0,700365,6895501,3737596,9569.0,0.0,9.79
2014,Henry,18.0,1104543,10983244,1119923,1786031.0,0.0,11.28
2014,Howard,10.0,529036,3701477,2328286,545491.0,0.0,9.57
2014,Humboldt,15.0,650408,4140377,5182877,199081.0,0.0,9.68
2014,Ida,11.0,753721,2671331,2296151,24700.0,0.0,9.78
2014,Iowa,17.0,1685810,8245502,3638767,703936.0,0.0,9.1
2014,Jackson,20.0,1155313,7537085,4804413,47965.0,0.0,9.15
2014,Jasper,25.0,2090382,16161763,4937367,14474553.0,0.0,21.43
2014,Jefferson,17.0,965426,5366263,1340769,872770.0,0.0,10.97
2014,Johnson,59.0,7256034,42120533,5491589,5996647.0,0.0,10.0
2014,Jones,13.0,1015306,7613913,2451459,625510.0,0.0,9.19
2014,Keokuk,12.0,479984,4074623,1490958,1244936.0,0.0,12.27
2014,Kossuth,19.0,831912,7348765,9969709,623538.0,0.0,10.34
2014,Lee,25.0,2211605,14172050,4983207,750052.0,0.0,8.91
2014,Linn,87.0,12034833,82057462,10082793,5465565.0,0.0,9.99
2014,Louisa,8.0,498196,3927182,907161,1500.0,0.0,9.59
2014,Lucas,7.0,386742,2792741,0,2954842.0,0.0,14.02
2014,Lyon,14.0,1057317,5736378,2973901,28161.0,0.0,9.08
2014,Madison,11.0,1085956,7451061,6963751,937871.0,0.0,10.29
2014,Mahaska,17.0,881781,9360011,4103878,1674268.0,0.0,10.87
2014,Marion,23.0,1286777,13030314,3883494,45098.0,0.0,9.5
2014,Marshall,23.0,2339616,11938211,0,1433929.0,0.0,8.85
2014,Mills,10.0,545640,5153586,2747781,176714.0,0.0,9.3
2014,Mitchell,10.0,641835,3402518,296170,196725.0,0.0,10.22
2014,Monona,11.0,1461969,5194939,3866940,1443066.0,0.0,11.41
2014,Monroe,6.0,345779,3196583,251083,0.0,0.0,9.02
2014,Montgomery,7.0,528213,3031375,915801,0.0,0.0,8.69
2014,Muscatine,22.0,2474144,13732211,3020067,557706.0,0.0,9.63
2014,OBrien,19.0,988379,6017423,2936478,162858.0,0.0,9.61
2014,Osceola,7.0,225202,2320250,2684273,33491.0,0.0,10.04
2014,Other,6.0,414135,2859966,403002,0.0,0.0,0.0
2014,Page,9.0,569651,5687711,654355,528614.0,0.0,9.82
2014,Palo Alto,11.0,402304,4138723,3102539,0.0,0.0,10.23
2014,Plymouth,23.0,2227743,8906007,5019694,23614.0,0.0,7.99
2014,Pocahontas,9.0,314398,2497266,6045005,13897.0,0.0,8.91
2014,Polk,185.0,38839714,172243978,24225407,65283768.0,0.0,11.83
2014,Pottawattamie,62.0,6198152,54070245,9297117,24749878.0,0.0,13.64
2014,Poweshiek,17.0,1644167,9920533,7021709,15801977.0,0.0,23.35
2014,Ringgold,6.0,170993,1316181,1542837,78906.0,0.0,9.55
2014,Sac,17.0,605237,4680871,2365506,0.0,0.0,8.86
2014,Scott,80.0,5103629,84949581,8392065,53031793.0,0.0,16.22
2014,Shelby,13.0,589550,4234769,3525076,1156654.0,0.0,10.77
2014,Sioux,32.0,2654555,10144522,10908799,728436.0,0.0,8.45
2014,Story,43.0,5690612,33401636,4200299,2914491.0,0.0,9.83
2014,Tama,15.0,748602,7646450,2162486,29993.0,0.0,9.22
2014,Taylor,7.0,117813,2060240,652525,0.0,0.0,10.23
2014,Union,11.0,655840,4912306,994580,387661.0,0.0,9.65
2014,Van Buren,8.0,263791,2310183,750257,83592.0,0.0,9.14
2014,Wapello,27.0,2091158,15126339,-801913,3887157.0,0.0,11.3
2014,Warren,25.0,2619897,19196877,1536120,1006207.0,0.0,9.97
2014,Washington,25.0,1652781,12043839,5139207,8512326.0,0.0,15.95
2014,Wayne,7.0,228303,1934472,338587,577248.0,0.0,10.28
2014,Webster,28.0,1571849,15399044,4276273,105092.0,0.0,9.64
2014,Winnebago,18.0,687690,4729297,2339227,102902.0,0.0,10.23
2014,Winneshiek,17.0,1608062,7442880,3358248,4233.0,0.0,7.22
2014,Woodbury,50.0,8154512,37682679,12717794,15493480.0,0.0,12.73
2014,Worth,10.0,1994348,3254648,501566,457575.0,0.0,6.87
2014,Wright,20.0,855439,5093199,3686045,100681.0,0.0,8.91
2015,Adair,17.0,1343499,6099959,5367840,244533.0,0.0,9.62
2015,Allamakee,15.0,654927,4868178,2356279,403749.0,0.0,8.38
2015,Appanoose,7.0,188819,1770154,1735839,375979.0,0.0,9.35
2015,Audubon,23.0,1222760,9105211,3529864,171230.0,0.0,11.18
2015,Benton,67.0,9296676,47990028,8041775,14510649.0,0.0,10.03
2015,Black Hawk,14.0,1260377,9259121,2084018,332672.0,0.0,11.75
2015,Boone,15.0,2158638,9677843,2720216,26776.0,0.0,9.09
2015,Bremer,17.0,1276589,8019066,1928789,86804.0,0.0,8.19
2015,Buchanan,23.0,1155246,8409080,1866166,112875.0,0.0,8.7
2015,Buena Vista,13.0,1280217,5992834,1388082,882832.0,0.0,9.54
2015,Butler,15.0,345522,4136925,4183238,0.0,0.0,9.27
2015,Calhoun,27.0,1698945,9320092,10372523,224401.0,0.0,10.6
2015,Carroll,17.0,919650,8229840,4301266,272140.0,0.0,9.42
2015,Cass,22.0,1863900,9659187,7406226,12494605.0,0.0,9.6
2015,Cedar,28.0,5324371,27580803,6181862,15527150.0,0.0,21.02
2015,Cerro Gordo,16.0,775277,4505298,1956726,553848.0,0.0,14.68
2015,Cherokee,14.0,1386687,5889505,5303527,2828308.0,0.0,9.75
2015,Chickasaw,10.0,1270411,6451369,2513288,7775165.0,0.0,12.1
2015,Clarke,23.0,1158533,7568489,6028951,92661.0,0.0,22.09
2015,Clay,23.0,1586749,8835365,2732125,213232.0,0.0,10.26
2015,Clayton,29.0,2309804,18735435,8054892,1403323.0,0.0,9.24
2015,Clinton,14.0,1055809,5981113,4119098,122001.0,0.0,9.74
2015,Crawford,36.0,6677977,33975045,4941108,5521460.0,0.0,10.01
2015,Dallas,7.0,230114,2205655,1321005,436173.0,0.0,9.81
2015,Davis,8.0,691485,2799583,580339,196698.0,0.0,10.03
2015,Decatur,15.0,882038,7050094,2429338,498443.0,0.0,9.71
2015,Delaware,23.0,3258815,13967064,1507643,0.0,0.0,9.9
2015,Des Moines,27.0,2133252,8196639,2764982,109544.0,0.0,8.11
2015,Dickinson,69.0,14138283,84889429,21012050,14488623.0,0.0,8.67
2015,Dubuque,10.0,512902,3779562,1556450,1228191.0,0.0,9.57
2015,Emmet,24.0,1984946,9661786,3382010,128607.0,0.0,11.4
2015,Fayette,12.0,613464,4063381,2809318,1375098.0,0.0,8.73
2015,Floyd,14.0,618633,5594049,4776813,466432.0,0.0,10.52
2015,Franklin,9.0,675524,7181090,6585028,11220589.0,0.0,10.16
2015,Fremont,13.0,300113,4256089,3146725,80187.0,0.0,27.55
2015,Greene,14.0,780649,6493076,6358536,1992512.0,0.0,9.51
2015,Grundy,14.0,572443,4547056,1410663,8414075.0,0.0,10.59
2015,Guthrie,17.0,1172700,7496241,4299226,2988740.0,0.0,29.97
2015,Hamilton,14.0,626172,4196090,4212385,173899.0,0.0,12.42
2015,Hancock,21.0,801974,6793313,5914902,450294.0,0.0,9.65
2015,Hardin,20.0,854634,7220530,4395714,110695.0,0.0,9.41
2015,Harrison,21.0,1286049,14917428,2846166,7548818.0,0.0,9.59
2015,Henry,12.0,535457,3659055,2599056,539430.0,0.0,15.11
2015,Howard,13.0,646865,3816264,3870344,182533.0,0.0,11.06
2015,Humboldt,11.0,443887,3017209,1853660,423445.0,0.0,9.91
2015,Ida,49.0,3150153,16781250,11760360,2186303.0,0.0,10.91
2015,Iowa,21.0,1350171,8086875,4943825,24280.0,0.0,9.45
2015,Jackson,29.0,2294757,16699034,9625634,11096621.0,0.0,9.04
2015,Jasper,15.0,995063,5200087,1788782,930517.0,0.0,16.97
2015,Jefferson,61.0,7771791,42345358,6304157,5559199.0,0.0,11.25
2015,Johnson,14.0,1007492,7769995,3508695,0.0,0.0,10.09
2015,Jones,12.0,546722,3694492,1585337,1201706.0,0.0,9.32
2015,Keokuk,18.0,1065931,6868662,10442957,91229.0,0.0,12.54
2015,Kossuth,27.0,2267764,13979176,3052459,1270369.0,0.0,9.61
2015,Lee,94.0,14292357,81533170,16947137,4959239.0,0.0,9.88
2015,Linn,10.0,549581,4052669,1048172,902580.0,0.0,9.85
2015,Louisa,8.0,539769,2633718,463636,3326195.0,0.0,10.79
2015,Lucas,17.0,1023345,5640793,3596736,231728.0,0.0,14.41
2015,Lyon,11.0,1004433,6993944,7202281,1301006.0,0.0,9.28
2015,Madison,16.0,942704,9118084,2200401,1675990.0,0.0,10.81
2015,Mahaska,23.0,2055283,13797156,3878327,564912.0,0.0,10.4
2015,Marion,23.0,2572210,13084803,4110168,1352155.0,0.0,10.01
2015,Marshall,11.0,547598,5101765,2391948,447673.0,0.0,8.98
2015,Mills,10.0,610593,3361419,425320,277808.0,0.0,9.76
2015,Mitchell,16.0,1019179,5367719,4111089,1998206.0,0.0,11.03
2015,Monona,9.0,742506,4159570,3592387,0.0,0.0,12.69
2015,Montgomery,20.0,2401447,13075548,1972696,575617.0,0.0,9.2
2015,Muscatine,22.0,1002609,6340366,3708138,322856.0,0.0,10.24
2015,OBrien,7.0,557955,1996610,2429958,34399.0,0.0,9.61
2015,Osceola,6.0,600228,4460994,1063694,0.0,0.0,7.98
2015,Page,11.0,686165,5620109,1545383,714998.0,0.0,9.98
2015,Palo Alto,12.0,428242,4138871,3832152,127315.0,0.0,10.71
2015,Plymouth,20.0,2272328,9612838,15247465,1099249.0,0.0,8.72
2015,Pocahontas,9.0,311744,2788507,6892881,16506.0,0.0,9.25
2015,Polk,184.0,37875255,179477319,34445509,43595531.0,0.0,11.51
2015,Pottawattamie,71.0,7140785,58585756,25063883,42644651.0,0.0,17.31
2015,Poweshiek,20.0,2132103,15110332,9561529,24182555.0,0.0,27.22
2015,Ringgold,5.0,127911,847834,372387,199962.0,0.0,12.6
2015,Sac,17.0,581426,4896801,1974180,188350.0,0.0,11.23
2015,Scott,82.0,5051235,75429524,11569714,36145854.0,0.0,15.11
2015,Shelby,14.0,505119,3982237,4455148,499687.0,0.0,10.18
2015,Sioux,35.0,3222774,11962246,17949303,681625.0,0.0,9.13
2015,Story,43.0,5556986,34314771,3609958,2879572.0,0.0,10.04
2015,Tama,17.0,761037,6050426,2974445,22039.0,0.0,9.05
2015,Taylor,8.0,182643,2078039,898347,0.0,0.0,9.84
2015,Union,12.0,717107,5462239,1248538,322052.0,0.0,9.8
2015,Van Buren,8.0,266087,2255603,1337827,246504.0,0.0,9.69
2015,Wapello,25.0,2063601,14509982,1754772,3518839.0,0.0,11.28
2015,Warren,28.0,2861203,23765762,1830807,1366201.0,0.0,9.93
2015,Washington,25.0,1539886,11143584,4926378,8198409.0,0.0,16.47
2015,Wayne,9.0,220610,2330464,1164503,580602.0,0.0,10.37
2015,Webster,36.0,1913719,16940095,4946739,198118.0,0.0,9.58
2015,Winnebago,20.0,691254,4949791,3569116,431951.0,0.0,10.68
2015,Winneshiek,16.0,1527291,7665624,5804970,128401.0,0.0,8.76
2015,Woodbury,52.0,7816509,39952209,10619035,15841847.0,0.0,12.97
2015,Worth,9.0,421048,5045846,415754,373829.0,0.0,10.3
2015,Wright,18.0,824964,4877698,2181604,23822.0,0.0,8.88
2016,Adair,11.0,1539644,7734739,3674613,478950.0,0.0,10.46
2016,Adams,19.0,1382114,6092862,5269089,647068.0,0.0,9.54
2016,Allamakee,14.0,463893,4814400,2330873,473958.0,0.0,8.93
2016,Audubon,6.0,202186,2280469,1811040,634023.0,0.0,10.62
2016,Benton,22.0,1236679,8786703,6608616,110807.0,0.0,9.58
2016,Black Hawk,64.0,9060944,46271506,7152729,15331809.0,0.0,12.24
2016,Boone,12.0,1342145,9958148,3180374,376125.0,0.0,9.2
2016,Bremer,17.0,2114712,10423151,2594216,887075.0,0.0,9.17
2016,Buchanan,16.0,1710098,8873820,13412979,693975.0,0.0,8.72
2016,Buena Vista,22.0,1221431,9870579,5255641,579977.0,0.0,10.47
2016,Butler,13.0,956835,5858925,1256941,138869.0,0.0,9.18
2016,Calhoun,16.0,401481,4690197,4239739,343760.0,0.0,11.36
2016,Carroll,25.0,1654381,10984365,10135985,470759.0,0.0,10.07
2016,Cass,14.0,868395,7189201,4018846,139484.0,0.0,9.44
2016,Cedar,18.0,1602067,9087086,4046705,11480989.0,0.0,23.77
2016,Cerro Gordo,34.0,5235046,29679367,4807094,16519353.0,0.0,15.38
2016,Cherokee,13.0,671202,5231699,1502262,712237.0,0.0,11.26
2016,Chickasaw,12.0,1397673,5979407,4828174,3368082.0,0.0,12.89
2016,Clarke,10.0,1472947,6667529,3800535,7352984.0,0.0,20.86
2016,Clay,24.0,1266357,7034539,3727454,433586.0,0.0,9.95
2016,Clayton,25.0,1581114,7292421,1483029,489933.0,0.0,9.09
2016,Clinton,24.0,2128811,19677151,8410350,2168761.0,0.0,10.67
2016,Crawford,11.0,748996,5083907,1774160,638839.0,0.0,9.87
2016,Dallas,37.0,6679298,37092867,9004841,4349358.0,0.0,10.06
2016,Davis,7.0,324980,2270609,1162786,718049.0,0.0,10.17
2016,Decatur,6.0,358989,2410992,322210,232634.0,0.0,9.99
2016,Delaware,13.0,1014744,6497660,1986620,262067.0,0.0,9.56
2016,Des Moines,21.0,3133770,14181875,2027388,27716.0,0.0,8.37
2016,Dickinson,22.0,1793327,7717353,1460668,25285.0,0.0,8.65
2016,Dubuque,63.0,13663854,85755064,15205863,20265147.0,0.0,10.18
2016,Emmet,8.0,492679,3525775,1127420,1016957.0,0.0,11.8
2016,Fayette,20.0,1845535,7022970,14785996,185886.0,0.0,8.37
2016,Floyd,15.0,1235580,6784642,3875719,1606578.0,0.0,10.47
2016,Franklin,11.0,476813,3580764,3030668,202938.0,0.0,10.1
2016,Fremont,8.0,373687,4656500,1098401,11276770.0,0.0,40.67
2016,Greene,11.0,320205,4414116,1688185,128092.0,0.0,9.6
2016,Grundy,14.0,798672,6621546,5542769,1720284.0,0.0,10.34
2016,Guthrie,13.0,602738,5130010,1340136,8298995.0,0.0,29.76
2016,Hamilton,20.0,1076294,8109532,4881357,2677371.0,0.0,13.38
2016,Hancock,11.0,540086,2837554,3686616,123744.0,0.0,8.62
2016,Hardin,22.0,816053,7721660,6640374,52967.0,0.0,9.12
2016,Harrison,19.0,876192,8074712,4843421,878214.0,0.0,9.98
2016,Henry,16.0,1137288,17753407,925977,10156299.0,0.0,16.66
2016,Howard,11.0,652857,3915069,2594627,967603.0,0.0,11.21
2016,Humboldt,15.0,766055,4280690,5108836,344164.0,0.0,9.85
2016,Ida,12.0,400159,3350486,2510967,0.0,0.0,10.59
2016,Iowa,90.0,5781755,30832709,19431252,10748098.0,0.0,12.45
2016,Jackson,14.0,1132828,6979356,4199171,550577.0,0.0,9.93
2016,Jasper,32.0,2109667,16619520,4888252,13253219.0,0.0,18.74
2016,Jefferson,16.0,952717,5371277,1703327,1119784.0,0.0,11.9
2016,Johnson,58.0,8272148,45701494,3094752,6476225.0,0.0,10.53
2016,Jones,11.0,1145664,7205546,1553435,1280013.0,0.0,9.24
2016,Keokuk,9.0,499023,3959770,1683848,725746.0,0.0,11.9
2016,Kossuth,16.0,924355,6562333,8633964,354680.0,0.0,9.88
2016,Lee,21.0,2077852,12490398,1597497,1619112.0,0.0,9.27
2016,Linn,90.0,14613519,85822617,18560086,5996964.0,0.0,10.09
2016,Louisa,9.0,561418,4605290,1169043,254678.0,0.0,9.95
2016,Lucas,8.0,408462,2662970,311869,2048483.0,0.0,13.27
2016,Lyon,12.0,942449,5748507,1898103,990308.0,0.0,10.59
2016,Madison,10.0,906381,7258538,6634634,1122143.0,0.0,10.75
2016,Mahaska,15.0,756986,9110945,2296337,1627614.0,0.0,10.55
2016,Marion,22.0,1741381,13258954,6044014,396801.0,0.0,10.36
2016,Marshall,25.0,2658499,14691059,4329669,1149207.0,0.0,8.84
2016,Mills,10.0,695349,5003670,2410842,148010.0,0.0,9.19
2016,Mitchell,10.0,627772,3390887,671091,170109.0,0.0,10.72
2016,Monona,12.0,852980,5329177,1549274,2245388.0,0.0,15.04
2016,Montgomery,16.0,1404914,5106459,3249788,529767.0,0.0,9.77
2016,Muscatine,19.0,2405183,12891582,1857756,300652.0,0.0,9.83
2016,OBrien,19.0,849490,5508349,2292102,263998.0,0.0,9.25
2016,Osceola,8.0,232318,2357126,2653192,19163.0,0.0,10.14
2016,Other,10.0,583445,4360541,619185,71899.0,0.0,9.45
2016,Page,7.0,566751,4940807,517497,73811.0,0.0,9.07
2016,Palo Alto,10.0,439559,4022822,3051720,130239.0,0.0,9.96
2016,Plymouth,18.0,2583928,10104033,16788142,1265514.0,0.0,8.9
2016,Pocahontas,10.0,421328,3484561,13712337,0.0,0.0,9.05
2016,Polk,189.0,35778729,195062462,36224573,44150831.0,0.0,11.98
2016,Pottawattamie,58.0,8020959,52506283,12497683,35741534.0,0.0,17.31
2016,Poweshiek,18.0,1506130,12393839,6029642,15808593.0,0.0,26.11
2016,Ringgold,7.0,169920,1419019,371453,543110.0,0.0,13.74
2016,Sac,16.0,598323,5146805,1274939,669327.0,0.0,12.47
2016,Scott,81.0,5763983,73050772,10779876,58475128.0,0.0,19.25
2016,Shelby,13.0,522926,4543151,3707386,182080.0,0.0,9.87
2016,Sioux,34.0,3177752,12645987,15523883,1417358.0,0.0,9.22
2016,Story,43.0,5263777,35466153,2734209,3149732.0,0.0,10.4
2016,Tama,16.0,676197,5763753,3230102,16017.0,0.0,9.05
2016,Taylor,6.0,211867,1803114,289082,522841.0,0.0,10.47
2016,Union,10.0,504893,4494664,803679,755407.0,0.0,10.74
2016,Van Buren,8.0,288246,2249833,769902,284935.0,0.0,9.72
2016,Wapello,29.0,2063474,14381080,2316461,3354751.0,0.0,11.88
2016,Warren,29.0,2873918,21957087,1789958,1722403.0,0.0,10.17
2016,Washington,21.0,1479783,9769155,2585990,8155025.0,0.0,17.13
2016,Wayne,9.0,460021,2225063,1323951,619894.0,0.0,9.51
2016,Webster,34.0,1668432,15688045,3090555,625979.0,0.0,9.95
2016,Winnebago,15.0,580027,4142445,2627373,370812.0,0.0,10.85
2016,Winneshiek,15.0,1460562,7565494,2083066,528362.0,0.0,9.51
2016,Woodbury,44.0,7563056,40652284,11009038,17283779.0,0.0,13.43
2016,Worth,10.0,442846,4920045,1124681,468387.0,0.0,10.23
2016,Wright,17.0,719337,4992396,1999572,82160.0,0.0,9.12
2017,Adair,11.0,1597261,7560455,3891118,884478.0,0.0,11.27
2017,Allamakee,16.0,1224477,5730526,1252530,1290584.0,0.0,10.5
2017,Appanoose,9.0,416275,4152249,1768101,516483.0,0.0,10.13
2017,Audubon,6.0,190108,2321556,1691741,743772.0,0.0,11.89
2017,Benton,15.0,1072150,5645246,5688164,200882.0,0.0,8.7
2017,Black Hawk,70.0,9128157,49211111,3892882,16084143.0,0.0,12.92
2017,Boone,14.0,1197445,9011630,2097117,269320.0,0.0,9.16
2017,Bremer,15.0,2133737,10317685,1650648,1794874.0,0.0,11.39
2017,Buchanan,15.0,1763217,8317572,13785643,495907.0,0.0,9.0
2017,Buena Vista,19.0,1001238,8268387,3036756,397274.0,0.0,10.26
2017,Butler,12.0,814251,5320937,1215644,1370211.0,0.0,10.77
2017,Calhoun,14.0,348096,4585895,932601,3269997.0,0.0,17.68
2017,Carroll,24.0,1633263,8648839,11561431,669123.0,0.0,10.49
2017,Cass,16.0,868673,7629513,4326076,1218245.0,0.0,10.61
2017,Cedar,16.0,1465594,9155418,4122219,10345423.0,0.0,24.79
2017,Cerro Gordo,26.0,4277734,28305089,1831527,18750110.0,0.0,18.67
2017,Cherokee,12.0,643101,4205263,2340271,453179.0,0.0,10.63
2017,Chickasaw,13.0,1340719,5987751,4167572,4307513.0,0.0,15.3
2017,Clarke,8.0,1174040,6202129,2586068,7181931.0,0.0,23.85
2017,Clay,18.0,698364,4974811,2910519,460112.0,0.0,10.49
2017,Clayton,20.0,1301737,6672155,614854,1396826.0,0.0,12.38
2017,Clinton,26.0,1830593,19611300,5654765,3212277.0,0.0,12.55
2017,Crawford,12.0,852247,5084633,2097682,457913.0,0.0,9.73
2017,Dallas,35.0,5508373,37109989,3169125,2113999.0,0.0,10.41
2017,Delaware,9.0,1030780,5775175,1354327,932536.0,0.0,10.68
2017,Des Moines,19.0,1334915,13858915,1755575,57563.0,0.0,9.85
2017,Dickinson,21.0,2023647,7722396,1099543,65830.0,0.0,8.34
2017,Dubuque,48.0,11311257,74337396,16809583,14422733.0,0.0,10.13
2017,Emmet,9.0,353184,2995003,645043,0.0,0.0,9.33
2017,Fayette,21.0,994336,6372528,2843635,340565.0,0.0,9.21
2017,Floyd,14.0,889448,7783698,3126878,7873656.0,0.0,21.57
2017,Franklin,11.0,395611,3886900,3133706,735175.0,0.0,12.1
2017,Fremont,9.0,621548,7439288,1203249,16884463.0,0.0,41.59
2017,Greene,10.0,273418,3826524,1173423,130742.0,0.0,9.99
2017,Grundy,14.0,610351,6586875,5532817,2614707.0,0.0,11.66
2017,Guthrie,12.0,598452,5266879,889577,7768626.0,0.0,30.3
2017,Hamilton,17.0,782895,8781872,2678916,9393014.0,0.0,24.19
2017,Hancock,11.0,442187,3185379,4100887,93014.0,0.0,8.94
2017,Hardin,25.0,743541,7734718,6220238,282264.0,0.0,9.88
2017,Harrison,18.0,1134050,8295052,4771353,1159901.0,0.0,11.12
2017,Henry,14.0,949402,15244696,1761328,7938221.0,0.0,16.64
2017,Howard,9.0,699857,3522422,2240970,1306937.0,0.0,13.0
2017,Humboldt,13.0,544065,3762814,5193584,239745.0,0.0,9.83
2017,Ida,12.0,394967,2672989,2700574,0.0,0.0,12.32
2017,Iowa,138.0,9277052,50093059,43022172,18326107.0,0.0,12.04
2017,Jackson,16.0,1161029,7468485,3136415,1951928.0,0.0,13.41
2017,Jasper,26.0,1927123,16233833,4085014,14576861.0,0.0,21.61
2017,Jefferson,16.0,864325,5450545,1641095,1300292.0,0.0,12.36
2017,Johnson,51.0,6813180,45519191,2025147,2926132.0,0.0,10.7
2017,Jones,10.0,997967,6917516,2595609,1049651.0,0.0,9.75
2017,Keokuk,10.0,459328,4044062,1697542,701076.0,0.0,11.98
2017,Kossuth,15.0,840651,6562558,10431907,592571.0,0.0,10.58
2017,Lee,22.0,1789463,12613639,1537916,1297850.0,0.0,9.29
2017,Linn,85.0,13475886,83850111,12996345,9523034.0,0.0,11.0
2017,Louisa,9.0,574365,4528297,1298296,306963.0,0.0,10.07
2017,Lucas,7.0,398337,2519183,221095,2152112.0,0.0,13.85
2017,Lyon,10.0,652088,3877193,2265507,561912.0,0.0,10.59
2017,Madison,12.0,889024,8336852,5717687,1598389.0,0.0,12.76
2017,Mahaska,17.0,833347,10124257,2021572,1374209.0,0.0,10.41
2017,Marion,25.0,1762490,13064191,6146605,244648.0,0.0,10.43
2017,Marshall,21.0,2505061,12377867,2356778,1096729.0,0.0,9.12
2017,Mills,9.0,622829,5090043,1586642,158446.0,0.0,9.33
2017,Mitchell,10.0,618300,3429288,834664,150304.0,0.0,10.92
2017,Monona,11.0,740799,5384517,1675491,2622342.0,0.0,17.72
2017,Montgomery,8.0,575742,3425792,925132,758164.0,0.0,11.09
2017,Muscatine,20.0,1906629,15196433,3864949,393386.0,0.0,10.36
2017,OBrien,14.0,681412,5525936,2964955,188785.0,0.0,9.76
2017,Osceola,7.0,243533,2413904,2716799,15396.0,0.0,10.35
2017,Other,16.0,1154145,8330458,1563025,1256375.0,0.0,10.2
2017,Page,7.0,552277,4898747,562766,72172.0,0.0,9.09
2017,Palo Alto,8.0,350248,3625598,2100640,96047.0,0.0,10.37
2017,Plymouth,18.0,1996077,8727139,10236326,1309916.0,0.0,9.38
2017,Pocahontas,8.0,224814,2228442,437586,0.0,0.0,9.4
2017,Polk,180.0,32404264,193991854,30581285,44982291.0,0.0,13.16
2017,Pottawattamie,64.0,8802962,59289688,11530864,60519089.0,0.0,21.7
2017,Poweshiek,19.0,1392103,12621773,1847310,21490833.0,0.0,33.96
2017,Ringgold,7.0,171529,1574618,634889,1679226.0,0.0,17.04
2017,Sac,14.0,595252,4824022,1621768,892477.0,0.0,11.56
2017,Scott,76.0,5983064,74463682,8251309,46656395.0,0.0,18.08
2017,Shelby,12.0,497451,4434840,3496473,242919.0,0.0,10.32
2017,Sioux,28.0,2440923,9815402,12692808,1316262.0,0.0,9.31
2017,Story,40.0,4565511,36522960,3554768,2830988.0,0.0,13.14
2017,Tama,18.0,855503,7967743,3583213,97098.0,0.0,9.9
2017,Taylor,7.0,257050,1925695,764808,233939.0,0.0,10.66
2017,Union,11.0,520286,5030418,717865,736224.0,0.0,10.57
2017,Van Buren,6.0,191950,1749393,353250,280601.0,0.0,10.11
2017,Wapello,24.0,1843524,14539306,898914,3494778.0,0.0,12.53
2017,Warren,28.0,2760969,20881611,2597570,1544794.0,0.0,10.33
2017,Washington,17.0,1168078,8477363,3236526,7177276.0,0.0,16.1
2017,Wayne,6.0,205594,1831731,321759,697438.0,0.0,10.79
2017,Webster,34.0,1791354,17713615,3328802,1552030.0,0.0,11.3
2017,Winnebago,13.0,465666,3662008,1999605,416033.0,0.0,11.6
2017,Winneshiek,19.0,1439429,8596881,8330008,1260672.0,0.0,11.46
2017,Woodbury,47.0,6427035,40439704,11363106,18974070.0,0.0,15.33
2017,Worth,9.0,359316,4171869,720387,1073248.0,0.0,13.83
2017,Wright,16.0,745381,4856305,2107603,167077.0,0.0,9.31
2018,Adair,16.0,1577678,8095649,2691406,3899475.0,1371227.0,14.18
2018,Allamakee,16.0,1026861,5204653,2495267,1028528.0,683549.0,10.97
2018,Appanoose,13.0,508459,4675725,2130451,490763.0,526743.0,10.16
2018,Audubon,6.0,179302,2012770,2094837,337214.0,262556.0,11.98
2018,Benton,21.0,1682402,8398231,3751101,2040621.0,1115754.0,11.07
2018,Black Hawk,64.0,8380984,47373559,5950034,14337434.0,7465003.0,13.39
2018,Boone,11.0,1077028,8282330,3167410,546495.0,883494.0,9.44
2018,Bremer,15.0,2158858,9594852,1556083,1733809.0,1346934.0,11.46
2018,Buchanan,13.0,1416813,7560312,4177735,1643505.0,969983.0,10.81
2018,Buena Vista,26.0,1068712,8868390,3735178,451722.0,1063036.0,10.7
2018,Butler,14.0,917569,5722562,1053822,1470426.0,739146.0,11.13
2018,Calhoun,14.0,351885,4656692,1453065,3443652.0,926409.0,18.5
2018,Carroll,29.0,1537438,8631492,11231372,297070.0,1042567.0,10.25
2018,Cass,15.0,853632,7340243,5013563,644364.0,892277.0,10.89
2018,Cedar,16.0,1366610,9376042,5383370,10682734.0,2284580.0,21.27
2018,Cerro Gordo,25.0,4090648,27221857,3944758,16413857.0,5284249.0,16.88
2018,Cherokee,16.0,676449,4326269,3541826,488722.0,536146.0,10.72
2018,Chickasaw,13.0,1388944,6039272,5763110,3830771.0,1101995.0,14.84
2018,Clarke,9.0,1220210,6431950,1521992,8191873.0,1917562.0,25.06
2018,Clay,23.0,994757,5568870,3276629,698674.0,700469.0,10.67
2018,Clayton,22.0,1281085,7158813,856828,1345756.0,1073731.0,12.72
2018,Clinton,27.0,1846689,20905722,5575234,3237818.0,2840937.0,12.49
2018,Crawford,11.0,768377,4857757,2135814,340144.0,561641.0,9.98
2018,Dallas,39.0,6580128,37879579,6136243,4321056.0,4669910.0,10.5
2018,Decatur,6.0,532276,2572677,322362,290248.0,317889.0,10.24
2018,Delaware,16.0,1421016,5915316,5091474,708241.0,745360.0,10.16
2018,Des Moines,16.0,1175933,11703020,1040450,103313.0,1308426.0,10.16
2018,Dickinson,24.0,2280941,7908105,1787924,151637.0,872673.0,8.56
2018,Dubuque,57.0,11751430,73445453,7821968,22839883.0,9405429.0,11.04
2018,Emmet,8.0,361494,3117223,318345,88472.0,332853.0,9.57
2018,Fayette,13.0,866509,5059688,787162,452321.0,556477.0,9.39
2018,Floyd,13.0,696203,7442404,2852773,8855177.0,1970250.0,24.21
2018,Franklin,14.0,436844,4348548,4513298,880054.0,658884.0,13.77
2018,Fremont,6.0,241261,4359430,1249049,10157498.0,1901549.0,41.33
2018,Greene,11.0,230588,3493259,853719,1077010.0,486918.0,13.08
2018,Grundy,12.0,539724,5298453,4972975,2979724.0,725569.0,12.43
2018,Guthrie,12.0,388988,5122054,904536,7427999.0,1722780.0,31.26
2018,Hamilton,15.0,699185,8384126,3588102,10949044.0,2111938.0,23.25
2018,Hancock,14.0,932017,5022567,5270668,598382.0,594025.0,9.98
2018,Hardin,24.0,723338,7757629,5713557,1070766.0,1034351.0,12.2
2018,Harrison,15.0,957202,7452017,2940702,3480072.0,1139342.0,13.55
2018,Henry,11.0,855214,9068265,2085780,6027017.0,1899505.0,19.14
2018,Howard,8.0,739917,3413514,2156151,1224716.0,497434.0,11.98
2018,Humboldt,12.0,649212,4734929,3803183,554295.0,615022.0,11.42
2018,Ida,12.0,375874,2874104,2855894,50425.0,402957.0,12.4
2018,Iowa,128.0,6444665,51691026,15646300,19935628.0,7842124.0,13.49
2018,Jackson,13.0,1088637,6985937,3169101,1833327.0,977025.0,12.1
2018,Jasper,28.0,1959379,16531370,2962354,15837360.0,3962328.0,21.43
2018,Jefferson,11.0,746432,4287688,1071119,3209285.0,811711.0,16.12
2018,Johnson,54.0,7731403,45971704,2725159,3138589.0,5595720.0,10.42
2018,Jones,13.0,990798,8042350,2106999,1716844.0,1034818.0,11.46
2018,Keokuk,7.0,359942,2716269,1470939,341929.0,323291.0,10.51
2018,Kossuth,18.0,787186,6876657,8840346,482673.0,819781.0,10.7
2018,Lee,20.0,1663580,10276627,1322140,703082.0,1088665.0,9.12
2018,Linn,94.0,14152821,86090590,13858223,13397983.0,11548990.0,11.52
2018,Louisa,8.0,468160,3835693,44199,819810.0,515164.0,11.97
2018,Lucas,8.0,389706,2681149,639457,2410636.0,438880.0,14.29
2018,Lyon,14.0,758399,4459486,2901636,564628.0,540847.0,10.37
2018,Madison,11.0,863601,8044826,19732217,2087294.0,1172202.0,13.16
2018,Mahaska,15.0,708862,9340559,1459362,2188574.0,1149111.0,11.43
2018,Marion,21.0,1713270,13120286,5000384,1603851.0,1797262.0,12.12
2018,Marshall,22.0,2490273,12701161,2226148,2373206.0,1572638.0,10.35
2018,Mills,10.0,624194,5099491,1893064,724895.0,597159.0,10.43
2018,Mitchell,9.0,619259,3550147,412076,425693.0,484768.0,11.63
2018,Monona,11.0,920279,5192836,1576166,2818662.0,905224.0,14.81
2018,Monroe,5.0,349645,3306179,85329,466799.0,404515.0,11.06
2018,Montgomery,9.0,628268,3962431,2705684,538846.0,538011.0,11.72
2018,Muscatine,15.0,1575509,12754660,430340,939123.0,1600935.0,11.17
2018,OBrien,16.0,789270,5471812,1541373,225751.0,612226.0,9.78
2018,Osceola,8.0,227979,2420485,3214234,62635.0,296433.0,11.19
2018,Other,7.0,562548,2519137,989223,236438.0,288481.0,9.36
2018,Page,6.0,374977,4699375,951681,677833.0,555940.0,10.96
2018,Palo Alto,10.0,599581,3123112,2372180,96945.0,384040.0,10.32
2018,Plymouth,16.0,2493039,10452671,13910498,1964929.0,1335317.0,10.31
2018,Pocahontas,9.0,329485,2687541,6682556,65087.0,304671.0,10.1
2018,Polk,191.0,34079471,196268737,25459401,42241981.0,28059217.0,12.18
2018,Pottawattamie,57.0,8406046,54468006,11100747,50957955.0,13284293.0,21.13
2018,Poweshiek,21.0,1600909,12737139,3236216,21058988.0,4800251.0,33.48
2018,Ringgold,6.0,139508,1245228,425642,483123.0,206798.0,14.93
2018,Sac,15.0,510870,4645797,1587676,1080938.0,631644.0,12.25
2018,Scott,91.0,6012589,88505697,5086030,57367695.0,17721447.0,18.75
2018,Shelby,14.0,485963,4567431,2351336,1254734.0,594968.0,11.77
2018,Sioux,22.0,1965425,8620739,8010066,1000639.0,1013748.0,9.58
2018,Story,42.0,4717073,34832274,1112230,3592248.0,4213724.0,10.65
2018,Tama,17.0,789638,6753530,3312459,1371491.0,936155.0,12.41
2018,Taylor,8.0,203647,1774519,911797,118019.0,200961.0,10.16
2018,Union,14.0,551005,5230335,1304314,962373.0,641874.0,11.1
2018,Van Buren,5.0,149550,1149460,679061,152471.0,127048.0,9.78
2018,Wapello,24.0,1966433,14573697,421869,3518438.0,2102485.0,12.71
2018,Warren,29.0,2816295,20638248,1155881,2359609.0,2465148.0,10.51
2018,Washington,14.0,1674515,6558716,3801356,1787961.0,940757.0,11.43
2018,Wayne,9.0,445181,2009152,1097592,1293916.0,278996.0,11.37
2018,Webster,31.0,1680376,16242192,2716271,1670269.0,2012272.0,11.23
2018,Winnebago,16.0,522486,4051596,1861450,490572.0,533429.0,11.66
2018,Winneshiek,19.0,1236465,8840117,7530865,1483148.0,1242830.0,12.33
2018,Woodbury,52.0,7929896,39579123,9110235,18859807.0,7160159.0,15.07
2018,Worth,8.0,415913,4499214,626643,1492187.0,654777.0,13.32
2018,Wright,19.0,797856,5320144,2778150,500745.0,594705.0,9.72
2019,Adair,19.0,1514877,7373322,2887239,4369693.0,1435742.0,16.15
2019,Allamakee,14.0,1034342,5449497,3043798,1348849.0,787032.0,12.14
2019,Appanoose,14.0,609674,4878961,1699712,471242.0,627099.0,11.43
2019,Audubon,7.0,218790,2233214,2031189,1000991.0,415575.0,16.95
2019,Benton,20.0,1128172,8651617,3256430,1920041.0,1196079.0,12.23
2019,Black Hawk,70.0,8435653,48668188,2389641,15362828.0,7819858.0,13.69
2019,Boone,11.0,909637,7439454,2666198,4210644.0,994294.0,11.91
2019,Bremer,16.0,2047046,9257307,1351028,2126179.0,1386686.0,12.27
2019,Buchanan,17.0,1436454,8344069,1665498,1279091.0,1034218.0,10.57
2019,Buena Vista,26.0,1170763,8463945,3657702,1623560.0,1146731.0,11.9
2019,Butler,14.0,959353,5625105,3167816,1098663.0,778734.0,11.83
2019,Calhoun,14.0,345268,4697230,560285,5621262.0,1029911.0,20.42
2019,Carroll,28.0,1395926,9377142,12025571,676922.0,1168755.0,10.85
2019,Cass,15.0,850691,7053012,4690040,938766.0,849959.0,10.75
2019,Cedar,17.0,1495529,12035450,6420562,8376303.0,2562524.0,18.94
2019,Cerro Gordo,27.0,4510900,25753632,11810230,14779193.0,5159753.0,17.05
2019,Cherokee,15.0,632394,4522054,3723490,141467.0,526181.0,10.21
2019,Chickasaw,12.0,1375316,5899355,4898456,3674367.0,1071028.0,14.72
2019,Clarke,11.0,1313684,6927645,1495674,9237860.0,2095009.0,25.42
2019,Clay,23.0,988893,5733043,2666033,818397.0,730030.0,10.86
2019,Clayton,20.0,1235335,6863799,438963,1635414.0,1033151.0,12.76
2019,Clinton,27.0,1855636,21013880,4275572,3924597.0,2998492.0,13.11
2019,Crawford,11.0,685662,4696866,2372882,1159399.0,587729.0,10.92
2019,Dallas,38.0,5663862,33949381,6856383,8349685.0,5143083.0,12.98
2019,Decatur,5.0,462175,2536538,122024,329662.0,335839.0,11.2
2019,Delaware,20.0,1348578,6620870,4695797,998075.0,872225.0,10.94
2019,Des Moines,18.0,1447006,13638512,851663,221624.0,1534935.0,10.17
2019,Dickinson,24.0,1831118,8285092,1073380,347562.0,929660.0,9.19
2019,Dubuque,59.0,11244029,74845999,8384798,21090539.0,9458252.0,10.99
2019,Emmet,9.0,340927,3201126,282494,218717.0,366322.0,10.34
2019,Fayette,16.0,747115,5881695,131786,605944.0,679316.0,10.25
2019,Floyd,13.0,2032570,6339707,2818755,10510053.0,2084714.0,24.9
2019,Franklin,13.0,505262,5454073,4464148,1292645.0,860627.0,14.44
2019,Fremont,7.0,322517,4824297,1368121,8444894.0,1772765.0,34.44
2019,Greene,10.0,260879,3963340,388218,2363577.0,603951.0,14.3
2019,Grundy,14.0,510325,5203058,6115775,2020936.0,821789.0,14.38
2019,Guthrie,12.0,436272,4927800,943644,7596158.0,1603659.0,29.9
2019,Hamilton,15.0,2031489,6494904,1421414,9130096.0,2088425.0,24.49
2019,Hancock,7.0,444247,3838558,1020488,1562677.0,679320.0,15.86
2019,Hardin,23.0,1415307,11239565,5891884,2383633.0,1801900.0,14.24
2019,Harrison,14.0,888667,6451811,3977044,3743074.0,1057604.0,14.41
2019,Henry,8.0,589130,7968021,550501,5817135.0,1625663.0,19.0
2019,Howard,8.0,722237,3690990,1736352,1412386.0,561132.0,12.71
2019,Humboldt,12.0,737723,4618018,4896370,388171.0,546819.0,10.21
2019,Ida,11.0,575713,3308569,3084821,253204.0,451734.0,11.63
2019,Iowa,105.0,5392393,40899738,19821570,13682896.0,5799884.0,12.53
2019,Jackson,13.0,1044209,6966735,347398,2327083.0,1145409.0,14.3
2019,Jasper,27.0,2025186,16750397,2718514,16317667.0,4201497.0,22.38
2019,Jefferson,16.0,843500,5104688,1269128,1240398.0,702516.0,11.81
2019,Johnson,57.0,9947296,49047629,8595812,1511062.0,5558299.0,9.42
2019,Jones,10.0,734378,6420338,1843382,735953.0,744439.0,10.4
2019,Keokuk,7.0,337037,2847667,1475707,382469.0,343902.0,10.8
2019,Kossuth,12.0,427936,4679543,2248898,423522.0,566717.0,11.1
2019,Lee,17.0,1624505,9987312,1308646,578829.0,1054171.0,9.08
2019,Linn,91.0,12993565,81690866,9578841,11416944.0,11073503.0,11.7
2019,Louisa,8.0,470974,3700955,729835,703001.0,482508.0,11.57
2019,Lucas,7.0,432845,2566601,663107,4230789.0,530457.0,17.69
2019,Lyon,13.0,862855,4506353,3184119,580751.0,533196.0,9.93
2019,Madison,12.0,810185,6730248,5697562,1215494.0,863740.0,11.45
2019,Mahaska,17.0,928817,10378750,1812730,2163242.0,1321416.0,11.69
2019,Marion,21.0,1818727,13353905,4976158,1791891.0,1832393.0,12.08
2019,Marshall,22.0,2131496,12002906,1394083,2778166.0,1590770.0,11.25
2019,Mills,11.0,1003164,4906542,2002677,436226.0,599112.0,10.14
2019,Mitchell,9.0,555405,3486591,705208,496547.0,491896.0,12.17
2019,Monona,12.0,611589,4915356,1720364,1292459.0,724772.0,13.11
2019,Monroe,5.0,365306,3456608,171741,505597.0,400806.0,10.49
2019,Montgomery,7.0,511588,3414451,268693,647730.0,433411.0,11.04
2019,Muscatine,15.0,1635317,12395366,332705,1486218.0,1698319.0,12.1
2019,OBrien,17.0,759466,5274085,1501649,311687.0,602190.0,9.36
2019,Osceola,10.0,228919,2456360,3345516,821289.0,342040.0,12.74
2019,Other,11.0,565395,4005878,1036108,938232.0,505303.0,11.05
2019,Page,6.0,354784,5054917,1833328,808538.0,588498.0,10.88
2019,Palo Alto,12.0,441899,4068726,3487142,121106.0,471918.0,10.46
2019,Plymouth,18.0,2593711,11085217,14283421,2376011.0,1500323.0,10.97
2019,Pocahontas,5.0,166052,1827783,109131,97252.0,196588.0,9.86
2019,Polk,198.0,34972248,193531597,26874086,66792202.0,30927502.0,13.53
2019,Pottawattamie,64.0,10591183,48766390,14070168,53748590.0,13453538.0,22.67
2019,Poweshiek,24.0,2892244,13216039,3454599,23800210.0,5215782.0,32.38
2019,Ringgold,6.0,177212,1419494,616935,1439752.0,272701.0,17.08
2019,Sac,12.0,519903,4629909,1478242,1208330.0,624292.0,12.12
2019,Scott,106.0,8812794,99949340,4811561,50724343.0,18240320.0,16.77
2019,Shelby,11.0,471099,4191902,2400531,1441709.0,545372.0,11.7
2019,Sioux,21.0,1977379,9312467,10349032,627945.0,1086827.0,9.63
2019,Story,41.0,5554936,36393928,1832390,5267734.0,4877388.0,11.63
2019,Tama,18.0,836265,6753162,3034750,1045655.0,888392.0,11.71
2019,Union,10.0,491485,4672193,931579,530361.0,571637.0,11.07
2019,Wapello,25.0,2105566,14714800,988873,3993596.0,2150645.0,12.79
2019,Warren,28.0,3005102,21407775,780117,2719041.0,2694895.0,11.04
2019,Washington,14.0,740740,13513030,1979859,1595290.0,1590542.0,11.16
2019,Wayne,7.0,196707,2629168,292576,1431427.0,359623.0,12.73
2019,Webster,33.0,1799828,16787399,1786735,3631043.0,2414829.0,12.99
2019,Winnebago,15.0,534733,3884472,1927263,160618.0,476637.0,10.79
2019,Winneshiek,18.0,1304814,8824945,8789192,2005251.0,1305864.0,12.89
2019,Woodbury,46.0,9471223,38627416,11297865,24287907.0,7987227.0,16.61
2019,Worth,9.0,1051963,3146485,843237,1097325.0,532919.0,12.69
2019,Wright,17.0,715976,4779953,1188371,280088.0,530169.0,9.65
2020,Adair,11.0,1244749,5688645,1535290,1638904.0,854685.0,12.33
2020,Allamakee,16.0,948629,4927601,2090054,1033233.0,688357.0,11.71
2020,Appanoose,9.0,622179,4292707,2511573,486187.0,570132.0,11.6
2020,Audubon,6.0,216937,2069131,1954005,1099624.0,397181.0,17.37
2020,Benton,24.0,1304575,6379548,4298919,1763724.0,1145213.0,14.9
2020,Black Hawk,62.0,8078572,44631343,4273224,20270961.0,8206938.0,15.57
2020,Boone,14.0,982626,6984086,1795127,2547797.0,860053.0,10.8
2020,Bremer,17.0,2003988,8776444,1455228,1778414.0,1262489.0,11.71
2020,Buchanan,13.0,1153339,6247188,1375353,1038766.0,831841.0,11.24
2020,Buena Vista,24.0,988329,6994308,3330527,1480025.0,951586.0,11.92
2020,Butler,11.0,941159,4873912,1446369,845222.0,650808.0,11.19
2020,Calhoun,14.0,320836,3337306,440885,4434481.0,734451.0,20.08
2020,Carroll,25.0,1410771,8070044,11124128,637437.0,980060.0,10.34
2020,Cass,15.0,744675,5744374,4432374,482342.0,630007.0,9.71
2020,Cedar,14.0,1541478,10573151,5749327,7735486.0,2290924.0,18.91
2020,Cerro Gordo,30.0,4224483,22055998,6930324,13761212.0,4629672.0,17.62
2020,Cherokee,15.0,665847,4031730,3797438,409183.0,462404.0,9.84
2020,Chickasaw,12.0,1274976,5409501,5175421,3737740.0,977233.0,14.62
2020,Clarke,8.0,1129352,6330592,101427,8648861.0,1882324.0,25.23
2020,Clay,17.0,827383,5078461,1059809,722963.0,610848.0,10.34
2020,Clayton,21.0,1479968,6184658,2836760,1439159.0,986861.0,12.88
2020,Clinton,30.0,3219904,17625909,4341713,5133093.0,2712211.0,13.01
2020,Crawford,13.0,660554,4163210,2274638,1184451.0,513608.0,10.65
2020,Dallas,41.0,5441218,31105799,7538201,7651638.0,4631265.0,12.67
2020,Davis,5.0,211828,1629981,824133,449426.0,186117.0,10.11
2020,Decatur,5.0,375314,2287871,273038,461879.0,305095.0,11.46
2020,Delaware,13.0,1031941,5035342,1371233,1142670.0,742238.0,12.23
2020,Des Moines,17.0,1930128,12730245,552756,185998.0,1426667.0,9.73
2020,Dickinson,22.0,2180042,7759788,1286591,503387.0,913112.0,9.19
2020,Dubuque,45.0,8354521,45340172,7336881,17032014.0,5998155.0,11.17
2020,Emmet,7.0,319018,2858893,94663,493032.0,406305.0,12.79
2020,Fayette,16.0,731264,6401240,426933,371724.0,693548.0,9.72
2020,Floyd,13.0,1854639,5125293,2488370,8935895.0,1732272.0,24.82
2020,Franklin,11.0,457666,4444711,2935871,1063218.0,694054.0,14.16
2020,Fremont,6.0,341377,4556546,946065,13926447.0,2486487.0,50.77
2020,Greene,12.0,342558,3966820,502890,2321418.0,585801.0,13.59
2020,Grundy,13.0,654695,4609734,4283241,124718.0,489793.0,9.3
2020,Guthrie,11.0,510532,3340021,802738,6692920.0,1271928.0,33.03
2020,Hamilton,15.0,2044129,6139063,2804741,10952072.0,2323029.0,28.39
2020,Hancock,7.0,344438,2860362,169583,1409933.0,547229.0,17.08
2020,Hardin,25.0,1462869,10784883,6329795,2218664.0,1647833.0,13.45
2020,Harrison,11.0,556946,4686596,2251786,2288212.0,684695.0,13.06
2020,Henry,18.0,1114221,16090086,2914317,13666475.0,3594194.0,20.89
2020,Howard,12.0,730537,3770216,1883978,1383783.0,560736.0,12.46
2020,Humboldt,11.0,678865,3844555,3542200,324915.0,445721.0,9.85
2020,Ida,9.0,401697,2631116,1835368,31913.0,301551.0,9.94
2020,Iowa,33.0,2563741,11532490,7166549,1909580.0,1498387.0,10.63
2020,Jackson,17.0,1272388,7640509,894843,2201313.0,1210789.0,13.58
2020,Jasper,24.0,4005343,13248538,2046241,17756986.0,3747334.0,21.72
2020,Jefferson,14.0,836981,4442814,1443302,1082087.0,610755.0,11.57
2020,Johnson,52.0,9276449,36427857,4428953,3150452.0,4321347.0,9.46
2020,Jones,11.0,951875,6404713,1841954,1460877.0,848299.0,11.53
2020,Keokuk,10.0,516622,3962091,1535948,909341.0,565939.0,12.64
2020,Kossuth,12.0,576506,4651778,2695950,336693.0,540228.0,10.33
2020,Lee,19.0,1564524,9608748,1618211,479079.0,1024024.0,9.16
2020,Linn,91.0,12763911,71312015,10386785,11967596.0,10042449.0,11.94
2020,Louisa,8.0,445052,3189031,392665,463217.0,402441.0,11.07
2020,Lucas,7.0,453305,2641120,695597,1946060.0,423170.0,13.68
2020,Lyon,13.0,715682,4249705,3816666,583339.0,505129.0,10.17
2020,Madison,13.0,795786,6731336,6728104,1006711.0,851810.0,11.32
2020,Mahaska,16.0,1391003,9329317,1855202,1917617.0,1217716.0,11.36
2020,Marion,19.0,1916520,12405178,5051383,1392285.0,1562847.0,10.91
2020,Marshall,25.0,2759354,10944518,2078826,2415980.0,1481018.0,10.81
2020,Mills,10.0,688891,4688104,2531018,639866.0,606592.0,11.28
2020,Mitchell,9.0,617709,3510560,3002662,451217.0,464508.0,11.25
2020,Monona,10.0,466581,4008186,1578150,373538.0,514321.0,11.49
2020,Monroe,5.0,379033,3174746,42964,409359.0,390829.0,11.0
2020,Montgomery,8.0,568038,3298231,4135000,72588.0,375442.0,9.36
2020,Muscatine,16.0,1535071,11755881,447232,1289268.0,1594067.0,11.99
2020,OBrien,21.0,776960,5751864,4783053,340073.0,675686.0,10.35
2020,Osceola,8.0,191190,1355276,267502,660568.0,173622.0,11.23
2020,Other,8.0,372277,2754038,824559,775074.0,373250.0,11.94
2020,Page,7.0,398306,4850265,2160908,525932.0,630637.0,12.02
2020,Palo Alto,6.0,319758,2818420,1098535,87698.0,294295.0,9.38
2020,Plymouth,16.0,2280440,9162506,14674889,1360141.0,1181393.0,10.32
2020,Pocahontas,6.0,474384,3150460,8685122,124718.0,350774.0,9.68
2020,Polk,198.0,30949625,163247695,22692805,55926584.0,26166863.0,13.47
2020,Pottawattamie,52.0,8273232,44065836,10311108,58948417.0,13465944.0,25.73
2020,Poweshiek,24.0,1924623,12751269,5909079,35403680.0,6890264.0,46.95
2020,Ringgold,7.0,271215,1816642,706637,1489004.0,346010.0,16.57
2020,Sac,15.0,532437,3950784,1271086,655520.0,478731.0,10.68
2020,Scott,91.0,9912938,78497566,2572829,52410915.0,16324278.0,18.46
2020,Shelby,14.0,452203,4128510,3709285,3485909.0,855136.0,18.67
2020,Sioux,22.0,1916338,8325319,9592157,434824.0,925328.0,9.03
2020,Story,43.0,4812421,30946502,1897972,5019930.0,4198641.0,11.74
2020,Tama,19.0,981189,6246744,3153144,513996.0,740573.0,10.25
2020,Union,13.0,708233,4775881,1030814,900365.0,644553.0,11.75
2020,Van Buren,8.0,504816,2080285,1040247,213887.0,230057.0,8.9
2020,Wapello,24.0,2134399,13343632,393969,3608416.0,1946468.0,12.58
2020,Warren,30.0,2879005,18516658,647905,2210845.0,2308917.0,10.79
2020,Washington,17.0,1059560,7361218,3080915,5404818.0,1278648.0,15.18
2020,Wayne,7.0,243959,2060151,367789,1658919.0,313259.0,13.6
2020,Webster,30.0,1633290,15362406,1968055,3793012.0,2249745.0,13.24
2020,Winnebago,14.0,328706,3516897,1992932,378706.0,477992.0,12.43
2020,Winneshiek,17.0,1534310,7878708,7018509,1972882.0,1148533.0,12.2
2020,Woodbury,37.0,7455512,33198987,9783254,24774864.0,7383149.0,18.16
2020,Worth,9.0,375486,3032438,1406312,145253.0,413476.0,12.13
2020,Wright,18.0,711491,4481139,3095884,278176.0,488118.0,9.4
2021,Adair,11.0,1042806,5373991,930753,6240679.0,1354323.0,21.11
2021,Adams,0.0,133535,1348849,241289,79046.0,174951.0,11.8
2021,Allamakee,9.0,870411,4755045,1523722,1240414.0,763166.0,13.57
2021,Appanoose,0.0,393175,2929518,1523633,159406.0,389473.0,11.72
2021,Audubon,6.0,202273,2053504,1980763,1412213.0,484774.0,21.49
2021,Benton,18.0,1057333,6642405,2279597,1536825.0,980835.0,12.74
2021,Black Hawk,55.0,6666668,51447315,2727434,16843653.0,8460977.0,14.56
2021,Boone,8.0,870532,6332039,1466715,184383.0,659318.0,9.15
2021,Bremer,14.0,1934895,8842981,1205905,1926785.0,1275469.0,11.83
2021,Buchanan,10.0,1057226,5793093,1080089,860683.0,766858.0,11.19
2021,Buena Vista,22.0,978358,7316058,3204935,767280.0,975599.0,11.76
2021,Butler,12.0,1023150,4937786,1703095,616455.0,614027.0,10.3
2021,Calhoun,14.0,382772,4044050,545473,4287767.0,844805.0,19.08
2021,Carroll,20.0,1063845,7501687,5645889,700523.0,978031.0,11.42
2021,Cass,16.0,913747,6814227,7044564,337769.0,956924.0,12.38
2021,Cedar,11.0,893998,6451862,4794779,7522256.0,1826372.0,24.86
2021,Cerro Gordo,21.0,2826134,21557732,4962398,12030906.0,4344585.0,17.82
2021,Cherokee,13.0,592405,3860410,2429170,238642.0,456877.0,10.26
2021,Chickasaw,8.0,910423,4367331,159672,1232988.0,594510.0,11.26
2021,Clarke,8.0,1285092,6099606,390178,7885334.0,1866667.0,25.28
2021,Clay,14.0,1075400,6913686,1464278,586904.0,797176.0,9.98
2021,Clayton,14.0,1081731,4781873,154237,1598510.0,764513.0,13.04
2021,Clinton,25.0,1755921,18627468,4705718,3312957.0,2572744.0,12.62
2021,Crawford,10.0,662913,3900224,1655563,1399112.0,511670.0,11.21
2021,Dallas,29.0,4144941,19318929,5979455,1760109.0,2226876.0,9.49
2021,Davis,0.0,363648,1592702,833382,333231.0,189020.0,9.66
2021,Decatur,0.0,110640,1579973,177878,903289.0,210706.0,12.46
2021,Delaware,8.0,1480724,5462934,3496164,1073597.0,777482.0,11.2
2021,Des Moines,17.0,1362269,13867497,804185,44957.0,1550642.0,10.18
2021,Dickinson,14.0,1462703,6014628,309508,585625.0,724119.0,9.68
2021,Dubuque,41.0,7768128,47769704,994069,6959598.0,5954122.0,10.72
2021,Emmet,7.0,309747,3071480,237689,452842.0,417261.0,12.34
2021,Fayette,10.0,1113879,4134781,208942,382137.0,463087.0,8.82
2021,Floyd,9.0,550639,4763556,2126153,1194388.0,729917.0,13.74
2021,Franklin,8.0,267158,3501438,2759733,967221.0,594115.0,15.76
2021,Fremont,7.0,1278224,5045120,1446757,15694926.0,2890845.0,45.72
2021,Greene,10.0,282445,3717988,397341,2008034.0,557549.0,13.94
2021,Grundy,11.0,606889,4793479,3735203,31319.0,508080.0,9.41
2021,Guthrie,11.0,492215,4982585,1002219,6534362.0,1526395.0,27.88
2021,Hamilton,11.0,492212,5600118,1014079,2272328.0,963145.0,15.81
2021,Hancock,8.0,355887,2907954,391016,1188420.0,484717.0,14.85
2021,Hardin,19.0,614441,6360767,4898455,1045494.0,856015.0,12.27
2021,Harrison,11.0,677301,4008622,2207645,1338043.0,496031.0,10.59
2021,Henry,14.0,1238317,15313264,2205924,6915829.0,2673175.0,16.15
2021,Howard,10.0,756535,4246194,1807466,1393225.0,651210.0,13.02
2021,Humboldt,9.0,597993,3687789,3234589,289185.0,441499.0,10.3
2021,Ida,8.0,366849,2483762,1644784,52625.0,317200.0,11.13
2021,Iowa,160.0,31192310,179475436,73262856,106877625.0,39782665.0,18.88
2021,Jackson,12.0,997927,5970362,266250,2264028.0,929716.0,13.34
2021,Jasper,19.0,1727690,12368604,1366226,1020319.0,1532799.0,10.87
2021,Jefferson,13.0,702808,3836964,1180209,986467.0,536998.0,11.83
2021,Johnson,40.0,5773557,25610893,2430453,2358745.0,2927887.0,9.33
2021,Jones,10.0,1002405,6851680,2202277,1072049.0,837397.0,10.66
2021,Keokuk,9.0,467751,3667934,1534860,828272.0,525118.0,12.7
2021,Kossuth,9.0,309359,3756495,636689,243727.0,453349.0,11.15
2021,Lee,18.0,1561083,10002841,3018785,565187.0,1029971.0,8.91
2021,Linn,76.0,11635930,73668927,3575122,21277980.0,11205541.0,13.14
2021,Louisa,6.0,368582,2503381,772756,286533.0,294763.0,10.26
2021,Lucas,6.0,461115,2755280,626513,1868179.0,421180.0,13.09
2021,Lyon,6.0,398195,2442512,1508067,635238.0,309230.0,10.89
2021,Madison,7.0,518387,5776235,17680982,467676.0,701198.0,11.14
2021,Mahaska,11.0,792774,8216196,1574743,1492404.0,984750.0,10.93
2021,Marion,17.0,1706620,11797973,4596215,789231.0,1463562.0,10.84
2021,Marshall,17.0,2201915,10167418,1836348,407827.0,1221075.0,9.87
2021,Mills,10.0,854644,5771950,4172856,1119710.0,800799.0,12.08
2021,Mitchell,9.0,791352,3222103,3016775,320549.0,442588.0,11.03
2021,Monona,7.0,606192,4292226,1534419,1239179.0,632150.0,12.91
2021,Monroe,0.0,369370,2942675,0,261046.0,341890.0,10.32
2021,Montgomery,7.0,564162,3433117,2670265,679551.0,472149.0,11.81
2021,Muscatine,14.0,1178527,8837545,543519,273907.0,1027502.0,10.26
2021,OBrien,12.0,612521,3503214,487229,84390.0,393094.0,9.55
2021,Osceola,0.0,162247,853876,54913,981019.0,146153.0,14.38
2021,Page,8.0,572947,5240464,1092382,1265013.0,610602.0,10.5
2021,Palo Alto,6.0,262884,2849624,886043,374023.0,353872.0,11.37
2021,Plymouth,12.0,2344688,9689601,14623834,1347481.0,1269334.0,10.55
2021,Pocahontas,0.0,171202,2089399,275620,27433.0,290525.0,12.85
2021,Polk,122.0,23285527,146909546,17160574,36254399.0,20805288.0,12.22
2021,Pottawattamie,34.0,4157787,30960784,7681044,26060374.0,7257108.0,20.66
2021,Poweshiek,18.0,1032075,10106796,4947874,24380974.0,4920769.0,44.18
2021,Ringgold,6.0,268693,1909819,860200,1274593.0,342597.0,15.73
2021,Sac,13.0,483631,4420500,1318705,1138869.0,612905.0,12.5
2021,Scott,155.0,6951861,87946318,4338954,47106843.0,16916609.0,17.83
2021,Shelby,8.0,314750,2470996,4436033,1864945.0,501974.0,18.02
2021,Sioux,17.0,1373904,6610542,4332591,718524.0,781850.0,9.79
2021,Story,24.0,3104300,28359418,1110156,7665908.0,3942117.0,12.53
2021,Tama,16.0,1050170,6656572,3003621,324889.0,791985.0,10.28
2021,Taylor,0.0,235963,1596703,471259,1106171.0,276093.0,15.07
2021,Union,10.0,664830,4640145,840128,852284.0,624449.0,11.77
2021,Van Buren,6.0,221961,1915166,400697,50012.0,196576.0,9.2
2021,Wapello,19.0,1792435,12351772,872250,6571858.0,2048838.0,14.49
2021,Warren,22.0,2162988,14190837,404409,772020.0,1548414.0,9.47
2021,Washington,13.0,1066245,7218707,2948870,5292012.0,1246752.0,15.05
2021,Wayne,0.0,153269,1993967,54262,651222.0,239133.0,11.14
2021,Webster,28.0,1504689,15083802,1403541,3134486.0,2051881.0,12.37
2021,Winnebago,10.0,427588,3772089,1851351,530502.0,522541.0,12.44
2021,Winneshiek,12.0,1023026,7318605,2977405,949760.0,932680.0,11.18
2021,Woodbury,21.0,4489070,33666978,4970028,9789092.0,4996766.0,13.1
2021,Worth,0.0,199822,1162731,592757,105924.0,132162.0,9.7
2021,Wright,14.0,507830,3891264,3206524,128911.0,420278.0,9.55
2022,Adair,8.0,608947,4563682,2824131,720912.0,642603.0,12.0
2022,Adams,0.0,106845,1348137,126673,183143.0,202876.0,14.0
2022,Allamakee,16.0,778741,5530219,2704131,1272304.0,963893.0,15.0
2022,Appanoose,7.0,394735,3519549,1725428,405017.0,550042.0,14.0
2022,Audubon,6.0,212417,2193847,2210342,929879.0,445896.0,19.0
2022,Benton,24.0,1127005,9225597,2876035,2842460.0,1552687.0,15.0
2022,Black Hawk,61.0,5742172,43769767,3430681,23744839.0,9047816.0,18.0
2022,Boone,11.0,808010,7156304,3004711,547627.0,801991.0,10.0
2022,Bremer,13.0,1586047,9051114,1091626,2189255.0,1390927.0,13.0
2022,Buchanan,11.0,941893,6223643,1201577,2132896.0,1089123.0,15.0
2022,Buena Vista,23.0,834312,7645818,4318975,559187.0,1117659.0,13.0
2022,Butler,12.0,818899,4912462,1545741,1186206.0,707068.0,12.0
2022,Calhoun,12.0,324228,3729959,513439,1059397.0,604104.0,15.0
2022,Carroll,23.0,1124845,9139105,10924452,995169.0,1280952.0,12.0
2022,Cass,12.0,704915,5938009,6689245,324032.0,749878.0,11.0
2022,Cedar,13.0,904817,7778036,6865612,9208928.0,2049530.0,24.0
2022,Cerro Gordo,25.0,2725688,22336288,13860521,6846823.0,3795733.0,15.0
2022,Cherokee,13.0,489653,3860576,2523929,804103.0,580336.0,13.0
2022,Chickasaw,10.0,1536899,5178112,5275029,3317193.0,929976.0,14.0
2022,Clarke,8.0,1110102,5890802,906838,8633754.0,1985270.0,28.0
2022,Clay,17.0,944024,10268839,1451317,687819.0,1216511.0,11.0
2022,Clayton,21.0,1118956,6795737,2191457,1313069.0,979689.0,12.0
2022,Clinton,28.0,3864162,18716866,4038386,5018786.0,2738833.0,12.0
2022,Crawford,9.0,541246,4256321,2375852,127224.0,497299.0,10.0
2022,Dallas,38.0,4077357,31927924,6977763,4473506.0,4020669.0,11.0
2022,Davis,0.0,217994,1613940,789795,934635.0,200509.0,11.0
2022,Decatur,0.0,101439,1578652,290078,841032.0,220216.0,13.0
2022,Delaware,9.0,858525,4782209,596514,2534351.0,995877.0,18.0
2022,Des Moines,17.0,1115430,13089831,740876,245076.0,1536616.0,11.0
2022,Dickinson,17.0,1512699,7315198,794198,743159.0,906052.0,10.0
2022,Dubuque,47.0,6153434,34489749,6497929,14036997.0,4805418.0,12.0
2022,Emmet,7.0,291963,3034339,743340,84713.0,379385.0,11.0
2022,Fayette,13.0,553204,4826028,295713,595168.0,593000.0,11.0
2022,Floyd,12.0,593836,5668109,2417318,8552332.0,1882320.0,30.0
2022,Franklin,8.0,801587,3419149,2231466,1291884.0,700459.0,17.0
2022,Fremont,8.0,978826,6089336,1588281,13765227.0,2621879.0,37.0
2022,Greene,10.0,194336,3310857,577170,1176690.0,488176.0,14.0
2022,Grundy,11.0,535859,4889024,3547310,172116.0,568111.0,10.0
2022,Guthrie,11.0,764904,5147027,715091,5972664.0,1615265.0,27.0
2022,Hamilton,12.0,380690,6972369,1920620,17488572.0,3346970.0,46.0
2022,Hancock,8.0,428725,3391443,1277378,1262697.0,588111.0,15.0
2022,Hardin,22.0,580542,6554677,5819514,522161.0,822770.0,12.0
2022,Harrison,12.0,646376,4653081,2061631,445655.0,540744.0,10.0
2022,Henry,16.0,1147458,17266956,2508688,10045885.0,3617042.0,20.0
2022,Howard,12.0,720151,4863409,1977423,1809015.0,837033.0,15.0
2022,Humboldt,11.0,505046,3937117,4144824,379186.0,506301.0,11.0
2022,Ida,11.0,295542,3700139,2768239,266185.0,530104.0,13.0
2022,Iowa,37.0,1694203,10932287,7984120,2154735.0,1617436.0,13.0
2022,Jackson,13.0,778750,6348725,2936333,2472005.0,1081712.0,15.0
2022,Jasper,29.0,2017390,15826243,1730611,19021909.0,4905911.0,27.0
2022,Jefferson,15.0,673620,4802622,1333546,1191106.0,723609.0,13.0
2022,Johnson,44.0,5927261,34916249,3836196,2929002.0,4131926.0,10.0
2022,Jones,10.0,811905,6593746,2058842,1475988.0,892978.0,12.0
2022,Keokuk,9.0,412539,3908824,2155215,923639.0,579993.0,13.0
2022,Kossuth,12.0,377166,4569563,1846607,191782.0,577382.0,12.0
2022,Lee,25.0,1306101,11643931,3357078,419417.0,1214967.0,9.0
2022,Linn,87.0,12990919,73339347,9984545,29397428.0,12982170.0,15.0
2022,Louisa,8.0,388531,3137378,1257245,617960.0,464509.0,13.0
2022,Lucas,6.0,408992,2557748,646951,2693952.0,451450.0,15.0
2022,Lyon,12.0,412161,4610397,3680154,478632.0,530137.0,11.0
2022,Madison,8.0,444958,6507413,19758610,767409.0,842340.0,12.0
2022,Mahaska,13.0,593274,8265130,885636,717757.0,1065801.0,12.0
2022,Marion,22.0,1830830,12343224,4693403,1698922.0,1787718.0,13.0
2022,Marshall,20.0,2187954,11468918,1809590,1183888.0,1613770.0,12.0
2022,Mills,9.0,642957,5336980,3223471,6300236.0,1602918.0,27.0
2022,Mitchell,9.0,379396,3162176,1982069,411491.0,531906.0,15.0
2022,Monona,7.0,490842,3876064,1092932,1119443.0,738402.0,17.0
2022,Monroe,0.0,294993,3413909,313979,293837.0,486654.0,13.0
2022,Montgomery,8.0,546896,4137184,1772217,1564098.0,636863.0,14.0
2022,Muscatine,15.0,992379,9007108,224779,1045814.0,1223315.0,12.0
2022,OBrien,18.0,652977,6388576,3184726,737879.0,903347.0,13.0
2022,Osceola,7.0,180179,2469340,3781668,0.0,325277.0,12.0
2022,Page,7.0,449569,4057737,2117854,237230.0,469586.0,10.0
2022,Palo Alto,8.0,232164,2990608,2284996,60920.0,368000.0,11.0
2022,Plymouth,17.0,1988553,11231435,17236510,1783229.0,1561159.0,12.0
2022,Pocahontas,6.0,377863,3098958,8380318,185012.0,377667.0,11.0
2022,Polk,170.0,23834475,148387506,15736333,54861775.0,24707215.0,14.0
2022,Pottawattamie,40.0,6494411,37831366,25007668,44560474.0,10943444.0,25.0
2022,Poweshiek,19.0,1099520,8057250,6041533,16505787.0,3036638.0,33.0
2022,Ringgold,6.0,212800,2010420,534663,1771292.0,470627.0,21.0
2022,Sac,14.0,422782,4491161,1355455,2451074.0,859227.0,17.0
2022,Scott,83.0,15788694,84179581,6484316,66877090.0,19741300.0,20.0
2022,Shelby,0.0,291646,3232408,4567931,2495802.0,767174.0,22.0
2022,Sioux,26.0,3078250,16488437,26340078,786022.0,2019024.0,10.0
2022,Story,36.0,3813600,18069971,1102488,11197184.0,3406123.0,16.0
2022,Tama,16.0,907882,7287340,3034783,1941770.0,1109554.0,14.0
2022,Taylor,7.0,197363,1867529,657351,903145.0,317172.0,15.0
2022,Union,10.0,561687,4841642,1106496,1391862.0,800251.0,15.0
2022,Van Buren,7.0,162093,2218170,967889,112879.0,354415.0,15.0
2022,Wapello,20.0,1648332,12756088,757914,7189816.0,2139857.0,15.0
2022,Warren,23.0,1807249,15434061,735086,1675966.0,1877322.0,11.0
2022,Washington,14.0,839670,7853517,3338834,5589472.0,1500082.0,17.0
2022,Wayne,0.0,117498,1819925,597713,315242.0,225357.0,12.0
2022,Webster,27.0,1402457,15080477,1295709,3017998.0,2253936.0,14.0
2022,Winnebago,10.0,366486,3971309,1466744,647976.0,601180.0,14.0
2022,Winneshiek,16.0,929490,8108422,6418170,1257895.0,1114006.0,12.0
2022,Woodbury,37.0,4513733,30361445,7722465,19074435.0,6201216.0,18.0
2022,Worth,7.0,295783,3150889,1289967,105369.0,355295.0,10.0
2022,Wright,14.0,505965,3978543,3503292,197417.0,455224.0,10.0
2023,Adair,0.0,470902,2816022,9356,600018.0,365109.0,11.0
2023,Adams,0.0,146303,1307078,130644,167032.0,215688.0,15.0
2023,Allamakee,16.0,842379,5510794,1706495,1409031.0,976280.0,15.0
2023,Appanoose,9.0,545584,4395465,516611,570949.0,682140.0,14.0
2023,Audubon,7.0,158672,1758832,994878,120560.0,225680.0,12.0
2023,Benton,22.0,1523584,8211227,1079417,3193847.0,1359494.0,14.0
2023,Black Hawk,59.0,5931541,50207601,2136515,21677765.0,9813948.0,17.0
2023,Boone,12.0,822295,7059678,2316697,514695.0,772800.0,10.0
2023,Bremer,13.0,1573023,8989385,1300826,2206576.0,1412285.0,13.0
2023,Buchanan,11.0,763431,6135338,1336970,1841461.0,998804.0,14.0
2023,Buena Vista,25.0,1040468,7914527,3546966,529098.0,1147470.0,13.0
2023,Butler,14.0,848520,5054705,1535211,1044531.0,707742.0,12.0
2023,Calhoun,20.0,364165,4699626,1873397,1901913.0,767233.0,15.0
2023,Carroll,24.0,1202829,9452098,14114194,1007773.0,1296654.0,12.0
2023,Cass,9.0,778582,6443793,4389516,500794.0,800539.0,11.0
2023,Cedar,12.0,752843,6517905,4778337,10196303.0,2070532.0,28.0
2023,Cerro Gordo,30.0,3093459,22511315,7387602,14314175.0,5136691.0,20.0
2023,Cherokee,12.0,501242,3764983,1329209,941821.0,555508.0,13.0
2023,Chickasaw,10.0,1458734,5409346,5265524,3224082.0,978176.0,14.0
2023,Clarke,8.0,1141140,6065581,388627,9019554.0,2035257.0,28.0
2023,Clay,23.0,815568,6912070,1334975,641327.0,911035.0,12.0
2023,Clayton,20.0,1052208,6461962,1906504,1662057.0,1027576.0,14.0
2023,Clinton,32.0,9325993,17148004,4739165,4320213.0,2648306.0,10.0
2023,Crawford,10.0,442347,3421405,1461426,1392910.0,496250.0,13.0
2023,Dallas,37.0,4667512,33254298,7923365,8042174.0,4963327.0,13.0
2023,Davis,0.0,177839,1513861,206102,120368.0,238833.0,14.0
2023,Decatur,0.0,162773,1679630,1195154,211564.0,220039.0,12.0
2023,Delaware,10.0,1310324,5338653,4287533,2293018.0,966697.0,15.0
2023,Des Moines,21.0,1351326,15571661,1440338,1392456.0,1977496.0,12.0
2023,Dickinson,24.0,1925157,7752474,915004,741810.0,1012277.0,10.0
2023,Dubuque,47.0,5618957,37405618,3044506,14910891.0,5475543.0,13.0
2023,Emmet,12.0,530433,4779602,2702361,770392.0,750870.0,14.0
2023,Fayette,16.0,702515,6303650,431467,1337216.0,985651.0,14.0
2023,Floyd,13.0,601643,8108482,3032922,7238216.0,2164950.0,25.0
2023,Franklin,8.0,899889,3599756,1250013,1584978.0,766095.0,17.0
2023,Fremont,8.0,1132060,6383424,1294585,14340136.0,2755261.0,37.0
2023,Greene,12.0,219311,3450021,1294153,941266.0,474334.0,13.0
2023,Grundy,11.0,548921,4698254,1668542,2021507.0,609704.0,12.0
2023,Guthrie,14.0,819507,5069783,608837,4183632.0,1246311.0,21.0
2023,Hamilton,16.0,534410,9296360,2474429,17155198.0,3748612.0,38.0
2023,Hancock,11.0,519861,3831359,4177400,1189967.0,679382.0,16.0
2023,Hardin,21.0,667914,6826675,5109237,1370840.0,1008948.0,13.0
2023,Harrison,12.0,593780,5187547,1326577,658786.0,640823.0,11.0
2023,Henry,18.0,1240946,17830717,3106385,6654680.0,3081000.0,16.0
2023,Howard,13.0,764716,4499076,1740740,1787994.0,780150.0,15.0
2023,Humboldt,11.0,486325,4079151,3534591,428066.0,540129.0,12.0
2023,Ida,11.0,663271,3219593,1391188,894737.0,491152.0,13.0
2023,Iowa,32.0,1435244,9948225,6671105,1245798.0,1223868.0,11.0
2023,Jackson,15.0,729979,6564574,400177,2389312.0,1156320.0,16.0
2023,Jasper,29.0,1995156,17494918,1033382,17158213.0,4742767.0,24.0
2023,Jefferson,12.0,782270,4749425,520037,1271531.0,750158.0,14.0
2023,Johnson,41.0,5423165,34203068,3546431,2064401.0,4043845.0,10.0
2023,Jones,10.0,788853,6070028,1834608,1296258.0,791072.0,12.0
2023,Keokuk,9.0,431933,3914871,1981424,980874.0,594856.0,14.0
2023,Kossuth,17.0,438183,5429928,2880918,153769.0,663451.0,11.0
2023,Lee,23.0,1349336,12379765,4530706,198858.0,1282317.0,9.0
2023,Linn,87.0,10923319,77540343,8996504,25561062.0,13161072.0,15.0
2023,Louisa,7.0,387788,2286715,872062,509214.0,313700.0,12.0
2023,Lucas,9.0,412452,2653593,2180285,637640.0,382277.0,12.0
2023,Lyon,12.0,499139,4540256,3213391,396840.0,519157.0,10.0
2023,Madison,8.0,738472,10436275,42985386,1721938.0,1485222.0,13.0
2023,Mahaska,11.0,634443,7456868,271884,267666.0,796810.0,10.0
2023,Marion,18.0,1598783,11918559,2969843,1635976.0,1610063.0,12.0
2023,Marshall,20.0,1802228,11219460,68204,3547246.0,1714533.0,13.0
2023,Mills,9.0,685715,6877641,2288086,7031942.0,2056572.0,27.0
2023,Mitchell,9.0,378244,3192655,2746679,398406.0,526221.0,15.0
2023,Monona,9.0,509290,4115411,1836369,782592.0,572282.0,12.0
2023,Monroe,0.0,319480,2584869,0,175230.0,283370.0,10.0
2023,Montgomery,10.0,567902,4180657,1608146,1750020.0,653191.0,14.0
2023,Muscatine,18.0,1210592,13402928,1027855,3426872.0,2157016.0,15.0
2023,O'Brien,17.0,606518,5186369,2954127,175628.0,683768.0,12.0
2023,Osceola,9.0,200534,2503450,3852146,800698.0,369059.0,14.0
2023,Page,7.0,430172,3291610,534223,130406.0,373424.0,10.0
2023,Palo Alto,10.0,256340,2939377,1847220,1048626.0,532053.0,17.0
2023,Plymouth,18.0,1936057,12760245,17016457,6022177.0,2451880.0,17.0
2023,Pocahontas,10.0,585152,4969368,12210531,401868.0,658168.0,12.0
2023,Polk,171.0,24967785,160852060,14461693,54114721.0,26959518.0,15.0
2023,Pottawattamie,44.0,5377470,41482799,6865746,36167524.0,10041993.0,21.0
2023,Poweshiek,18.0,844073,7351868,276443,16321182.0,2947146.0,36.0
2023,Ringgold,8.0,233019,2034762,650118,1234282.0,479970.0,21.0
2023,Sac,14.0,434238,4358625,1310819,2404384.0,783430.0,16.0
2023,Scott,87.0,11725935,93457579,8551341,58809861.0,20042422.0,19.0
2023,Shelby,7.0,358873,3267234,4414514,2312087.0,665494.0,18.0
2023,Sioux,28.0,2867127,12185595,16546153,985261.0,1593989.0,11.0
2023,Story,36.0,4175521,24881692,1634223,11826188.0,4446161.0,15.0
2023,Tama,17.0,789018,7196171,942592,4418811.0,1338486.0,17.0
2023,Taylor,8.0,213318,1991432,1280032,394855.0,320119.0,15.0
2023,Union,11.0,586684,4764663,574783,996358.0,786556.0,15.0
2023,Van Buren,6.0,111547,1801878,842684,95459.0,270038.0,14.0
2023,Wapello,24.0,2074571,15029547,884190,7564994.0,2559137.0,15.0
2023,Warren,24.0,2036918,15213712,2611049,1560562.0,1779602.0,10.0
2023,Washington,14.0,1225528,6838857,4709002,4620806.0,1203520.0,15.0
2023,Wayne,7.0,166862,1981485,1084368,226061.0,243891.0,11.0
2023,Webster,31.0,1499294,15369574,1050229,4953314.0,2563149.0,15.0
2023,Winnebago,10.0,427512,3897288,1658778,579195.0,623480.0,14.0
2023,Winneshiek,17.0,1035428,7989661,7180487,1140329.0,1118297.0,12.0
2023,Woodbury,46.0,4873121,37316837,8433333,18976758.0,7029532.0,17.0
2023,Worth,6.0,242011,2292708,1337216,109532.0,266154.0,11.0
2023,Wright,13.0,617302,4196355,2907104,258528.0,481715.0,10.0
2024,Adair,10.0,895851,3790735,2436266,728490.0,540783.0,12.0
2024,Adams,0.0,188155,836878,121449,98831.0,120401.0,12.0
2024,Allamakee,18.0,923224,5551002,2159555,1264688.0,968765.0,15.0
2024,Appanoose,13.0,792131,4902573,1982821,648289.0,752489.0,13.0
2024,Audubon,6.0,226034,2061341,2629564,520260.0,279088.0,12.0
2024,Benton,25.0,1533438,9345602,2054542,3118310.0,1552609.0,14.0
2024,Black Hawk,66.0,6904633,49596517,2935761,22027913.0,10132955.0,18.0
2024,Boone,12.0,973855,7388435,1878928,509154.0,881149.0,11.0
2024,Bremer,13.0,1703424,8624524,1480529,2011415.0,1391486.0,13.0
2024,Buchanan,14.0,1144234,6911214,4352410,1660141.0,1133256.0,14.0
2024,Buena Vista,25.0,1143059,8049144,2758575,1283238.0,2018595.0,21.0
2024,Butler,13.0,840192,4909032,1632566,748831.0,710981.0,12.0
2024,Calhoun,15.0,356530,4246808,2270316,1987481.0,870470.0,18.0
2024,Carroll,26.0,1398550,9187252,13245592,550745.0,1202668.0,11.0
2024,Cass,10.0,836942,6382719,5024066,539685.0,856601.0,12.0
2024,Cedar,16.0,1122072,8235774,3891669,12475954.0,2946472.0,31.0
2024,Cerro Gordo,29.0,3351959,22234553,7265465,16337167.0,5592339.0,22.0
2024,Cherokee,12.0,672245,3678922,899674,1087803.0,933701.0,20.0
2024,Chickasaw,11.0,1769252,5718855,7515647,2681393.0,1033762.0,14.0
2024,Clarke,12.0,1414424,5363342,2628186,8846359.0,2243424.0,33.0
2024,Clay,19.0,672228,5972583,1897369,644843.0,955487.0,14.0
2024,Clayton,21.0,1260419,6428715,2070147,1869858.0,1180296.0,15.0
2024,Clinton,31.0,1798282,20405143,4312883,4000813.0,3006666.0,14.0
2024,Crawford,11.0,599978,4320076,2276905,1366706.0,596680.0,12.0
2024,Dallas,52.0,7749638,43582786,7245879,10092599.0,7089598.0,14.0
2024,Davis,0.0,304243,1948523,227833,138115.0,225765.0,10.0
2024,Decatur,0.0,227128,1524464,1138811,123494.0,225477.0,13.0
2024,Delaware,13.0,1396947,5419867,4666500,2311623.0,1054466.0,15.0
2024,Des Moines,22.0,1554635,14818799,1761987,893630.0,1911543.0,12.0
2024,Dickinson,23.0,1666084,8889876,963379,844339.0,1195738.0,11.0
2024,Dubuque,50.0,5743115,37502516,2329022,14583122.0,5617485.0,13.0
2024,Emmet,9.0,492787,4266536,2022385,770256.0,691877.0,15.0
2024,Fayette,15.0,579482,6364669,436704,1347414.0,1050638.0,15.0
2024,Floyd,13.0,636835,8077403,3472699,7751086.0,2342999.0,27.0
2024,Franklin,11.0,762903,5687771,4147884,2618410.0,1244064.0,19.0
2024,Fremont,8.0,203407,3813371,1671709,9964065.0,2029413.0,51.0
2024,Greene,11.0,304377,3544913,1261527,900708.0,481052.0,12.0
2024,Grundy,11.0,629438,4795811,1631670,2194126.0,659049.0,12.0
2024,Guthrie,14.0,1202207,6122239,962445,3875377.0,1399447.0,19.0
2024,Hamilton,15.0,535815,7962324,2108218,17010739.0,3792642.0,45.0
2024,Hancock,11.0,621326,3795937,3887868,1072318.0,693217.0,16.0
2024,Hardin,22.0,1412718,9831473,3920674,3027960.0,1741387.0,15.0
2024,Harrison,16.0,932383,6982647,4242049,525018.0,855315.0,11.0
2024,Henry,21.0,1347921,16191601,2274293,6232797.0,2948541.0,17.0
2024,Howard,11.0,1000307,4166488,1462921,1652330.0,745367.0,14.0
2024,Humboldt,9.0,500155,3260081,1738814,399179.0,460451.0,12.0
2024,Ida,9.0,1270674,2734161,2243858,404426.0,795107.0,18.0
2024,Iowa,31.0,2142771,12203852,5650332,2365185.0,1756739.0,12.0
2024,Jackson,15.0,805712,6543284,503424,2578033.0,1228965.0,17.0
2024,Jasper,30.0,2569683,17438591,1559678,18711912.0,5220502.0,26.0
2024,Jefferson,15.0,1035875,5511539,1329495,1184155.0,880882.0,13.0
2024,Johnson,58.0,8334476,44117554,4870293,4525329.0,5998699.0,11.0
2024,Jones,10.0,878208,5850813,1584047,1267692.0,825287.0,12.0
2024,Keokuk,12.0,497079,4312931,3230749,1392485.0,775577.0,16.0
2024,Kossuth,16.0,529531,5455085,2831716,135142.0,664611.0,11.0
2024,Lee,23.0,1361578,12476882,4805366,182454.0,1322806.0,10.0
2024,Linn,93.0,13472724,81731011,13029476,23647374.0,14621484.0,15.0
2024,Louisa,8.0,440145,2815810,1153495,513127.0,443599.0,14.0
2024,Lucas,7.0,632134,2278011,1917334,833537.0,417609.0,14.0
2024,Lyon,14.0,687198,5222238,3025016,760713.0,699917.0,12.0
2024,Madison,12.0,1015292,7984334,19651697,1030892.0,1153369.0,13.0
2024,Mahaska,13.0,949327,8890582,1654290,1235706.0,1152178.0,12.0
2024,Marion,15.0,1783857,12003973,4032139,1670861.0,1806772.0,13.0
2024,Marshall,20.0,2061572,11574281,226720,3837073.0,1873968.0,14.0
2024,Mills,10.0,831515,6828486,3846197,6479083.0,2000750.0,26.0
2024,Mitchell,8.0,401837,2667486,279681,362380.0,458262.0,15.0
2024,Monona,11.0,673445,4058039,2004466,1078844.0,932903.0,19.0
2024,Monroe,0.0,402259,2882250,128160,462248.0,397451.0,12.0
2024,Montgomery,8.0,635414,3898274,62443004,303757.0,532146.0,12.0
2024,Muscatine,23.0,1915553,18063541,905207,4529301.0,3310480.0,17.0
2024,O'Brien,20.0,806804,6840159,5540761,965959.0,1214901.0,16.0
2024,Osceola,8.0,446407,2275462,2829735,815659.0,358245.0,13.0
2024,Page,8.0,523786,3925598,1509307,625452.0,539548.0,12.0
2024,Palo Alto,12.0,306384,3466067,2368681,1577679.0,657782.0,17.0
2024,Plymouth,17.0,2207720,12599059,16376691,5700585.0,2497002.0,17.0
2024,Pocahontas,10.0,744688,5655194,13577845,360438.0,762594.0,12.0
2024,Polk,222.0,33573256,190586099,18651294,56752738.0,33666225.0,15.0
2024,Pottawattamie,53.0,8125168,43262816,14973766,44211441.0,12197788.0,24.0
2024,Poweshiek,21.0,1424422,9041544,1559510,20217024.0,4364311.0,42.0
2024,Ringgold,7.0,615895,2618169,805639,1415726.0,632748.0,20.0
2024,Sac,13.0,471071,4342224,2299538,958835.0,728193.0,15.0
2024,Scott,109.0,6141235,106771182,11793402,61157707.0,23383896.0,21.0
2024,Shelby,12.0,578305,5106249,4159376,2918930.0,1028464.0,18.0
2024,Sioux,26.0,2860586,13440952,16068667,1150470.0,1950546.0,12.0
2024,Story,45.0,6518773,32346838,2646936,13790044.0,6507943.0,17.0
2024,Tama,19.0,911684,7491532,1343806,4588629.0,1423456.0,17.0
2024,Taylor,7.0,256982,1789370,1208168,431001.0,322830.0,16.0
2024,Union,10.0,626354,4970262,655508,1230100.0,860915.0,15.0
2024,Van Buren,7.0,145610,2039573,641663,170881.0,327798.0,14.0
2024,Wapello,25.0,2375306,15457047,6923479,3089058.0,2307359.0,13.0
2024,Warren,28.0,3203678,18642079,604987,2885322.0,2764754.0,13.0
2024,Washington,18.0,1620974,8945172,6948011,4097922.0,1617890.0,15.0
2024,Wayne,8.0,371884,1878660,1566623,340323.0,306093.0,14.0
2024,Webster,28.0,1706561,14383177,1213469,4322313.0,2433129.0,15.0
2024,Winnebago,13.0,582020,3983031,1887780,629933.0,655249.0,14.0
2024,Winneshiek,16.0,976372,8003535,6980293,1069381.0,1108217.0,12.0
2024,Woodbury,55.0,7032420,41627562,8439277,26060917.0,10970114.0,22.0
2024,Worth,8.0,445045,3579374,1521038,155534.0,550890.0,14.0
2024,Wright,13.0,731591,6165877,2824246,235307.0,738777.0,11.0
